start_at,symbol,period,open,high,low,close
1569888000,BTCUSD,1,8304.96,8330.33,8304.94,8307.57
1569888060,BTCUSD,1,8307.57,8307.57,8295.05,8295.51
1569888120,BTCUSD,1,8295.51,8295.51,8288.8,8288.8
1569888180,BTCUSD,1,8288.8,8288.8,8262.56,8262.56
1569888240,BTCUSD,1,8262.56,8266.79,8261.68,8264.69
1569888300,BTCUSD,1,8264.69,8269.9,8259.83,8260.3
1569888360,BTCUSD,1,8260.3,8268.29,8259.98,8267.34
1569888420,BTCUSD,1,8267.34,8267.34,8251.55,8254.2
1569888480,BTCUSD,1,8254.2,8265.9,8254.2,8265.81
1569888540,BTCUSD,1,8265.81,8265.81,8254.88,8256.45
1569888600,BTCUSD,1,8256.45,8256.45,8252.02,8252.02
1569888660,BTCUSD,1,8252.02,8252.02,8229.38,8241.26
1569888720,BTCUSD,1,8241.26,8247.1,8241.23,8247.09
1569888780,BTCUSD,1,8247.09,8249.22,8246.67,8249.02
1569888840,BTCUSD,1,8249.02,8259.73,8249.02,8256.22
1569888900,BTCUSD,1,8256.22,8257.22,8254.71,8255.78
1569888960,BTCUSD,1,8255.78,8267.07,8255.77,8267.07
1569889020,BTCUSD,1,8267.07,8267.92,8262.34,8264.9
1569889080,BTCUSD,1,8264.9,8265.03,8260.0,8260.01
1569889140,BTCUSD,1,8260.01,8263.45,8258.23,8260.64
1569889200,BTCUSD,1,8260.64,8260.64,8245.39,8246.85
1569889260,BTCUSD,1,8246.85,8247.89,8242.0,8247.87
1569889320,BTCUSD,1,8247.87,8248.7,8240.06,8240.06
1569889380,BTCUSD,1,8240.06,8240.09,8230.12,8235.01
1569889440,BTCUSD,1,8235.01,8236.35,8234.0,8234.01
1569889500,BTCUSD,1,8234.01,8243.04,8234.01,8243.04
1569889560,BTCUSD,1,8243.04,8251.65,8241.0,8248.89
1569889620,BTCUSD,1,8248.89,8249.61,8243.32,8244.78
1569889680,BTCUSD,1,8244.78,8244.78,8236.2,8240.99
1569889740,BTCUSD,1,8240.99,8246.42,8240.99,8241.29
1569889800,BTCUSD,1,8241.29,8242.32,8241.05,8242.32
1569889860,BTCUSD,1,8242.32,8242.32,8236.69,8236.69
1569889920,BTCUSD,1,8236.69,8237.33,8226.67,8226.67
1569889980,BTCUSD,1,8226.67,8230.0,8225.57,8227.03
1569890040,BTCUSD,1,8227.03,8227.38,8216.08,8216.08
1569890100,BTCUSD,1,8216.08,8222.63,8212.66,8217.77
1569890160,BTCUSD,1,8217.77,8219.57,8215.4,8218.59
1569890220,BTCUSD,1,8218.59,8219.82,8217.27,8217.64
1569890280,BTCUSD,1,8217.64,8218.57,8216.06,8218.57
1569890340,BTCUSD,1,8218.57,8233.5,8218.57,8233.5
1569890400,BTCUSD,1,8233.5,8233.7,8229.05,8230.4
1569890460,BTCUSD,1,8230.4,8235.3,8230.4,8235.11
1569890520,BTCUSD,1,8235.11,8238.41,8235.1,8236.23
1569890580,BTCUSD,1,8236.23,8241.38,8233.67,8240.8
1569890640,BTCUSD,1,8240.8,8240.8,8238.19,8240.8
1569890700,BTCUSD,1,8240.8,8240.8,8232.02,8232.02
1569890760,BTCUSD,1,8232.02,8234.78,8230.16,8230.16
1569890820,BTCUSD,1,8230.16,8230.16,8220.98,8223.84
1569890880,BTCUSD,1,8223.84,8227.12,8222.11,8227.12
1569890940,BTCUSD,1,8227.12,8228.59,8222.06,8223.41
1569891000,BTCUSD,1,8223.41,8225.9,8222.22,8225.89
1569891060,BTCUSD,1,8225.89,8226.7,8222.86,8223.03
1569891120,BTCUSD,1,8223.03,8224.06,8220.25,8220.98
1569891180,BTCUSD,1,8220.98,8223.62,8220.37,8223.61
1569891240,BTCUSD,1,8223.61,8223.61,8220.16,8221.92
1569891300,BTCUSD,1,8221.92,8222.48,8218.28,8218.57
1569891360,BTCUSD,1,8218.57,8225.83,8218.28,8223.26
1569891420,BTCUSD,1,8223.26,8226.81,8222.41,8226.8
1569891480,BTCUSD,1,8226.8,8227.6,8225.99,8227.6
1569891540,BTCUSD,1,8227.6,8227.71,8222.81,8227.59
1569891600,BTCUSD,1,8227.59,8227.73,8222.97,8223.03
1569891660,BTCUSD,1,8223.03,8223.03,8219.42,8220.55
1569891720,BTCUSD,1,8220.55,8220.56,8218.6,8218.6
1569891780,BTCUSD,1,8218.6,8220.58,8218.59,8220.45
1569891840,BTCUSD,1,8220.45,8220.58,8216.25,8219.99
1569891900,BTCUSD,1,8219.99,8219.99,8210.29,8210.29
1569891960,BTCUSD,1,8210.29,8210.96,8200.37,8202.81
1569892020,BTCUSD,1,8202.81,8205.06,8202.73,8204.48
1569892080,BTCUSD,1,8204.48,8211.46,8203.51,8210.36
1569892140,BTCUSD,1,8210.36,8212.57,8209.14,8209.45
1569892200,BTCUSD,1,8209.45,8213.57,8208.19,8209.14
1569892260,BTCUSD,1,8209.14,8209.87,8199.99,8207.65
1569892320,BTCUSD,1,8207.65,8227.81,8207.65,8221.53
1569892380,BTCUSD,1,8221.53,8238.1,8221.51,8233.14
1569892440,BTCUSD,1,8233.14,8238.07,8228.35,8233.04
1569892500,BTCUSD,1,8233.04,8233.5,8230.68,8232.78
1569892560,BTCUSD,1,8232.78,8241.76,8232.78,8238.1
1569892620,BTCUSD,1,8238.1,8239.98,8237.64,8239.71
1569892680,BTCUSD,1,8239.71,8242.8,8239.03,8239.03
1569892740,BTCUSD,1,8239.03,8242.71,8238.5,8239.69
1569892800,BTCUSD,1,8239.69,8242.79,8238.55,8239.64
1569892860,BTCUSD,1,8239.64,8247.15,8238.83,8243.25
1569892920,BTCUSD,1,8243.25,8246.03,8243.18,8245.01
1569892980,BTCUSD,1,8245.01,8249.26,8245.01,8245.27
1569893040,BTCUSD,1,8245.27,8246.5,8241.18,8241.73
1569893100,BTCUSD,1,8241.73,8247.36,8241.73,8244.96
1569893160,BTCUSD,1,8244.96,8246.43,8242.75,8242.85
1569893220,BTCUSD,1,8242.85,8245.13,8241.31,8241.88
1569893280,BTCUSD,1,8241.88,8242.5,8233.06,8233.06
1569893340,BTCUSD,1,8233.06,8233.73,8223.21,8227.49
1569893400,BTCUSD,1,8227.49,8228.56,8222.25,8223.2
1569893460,BTCUSD,1,8223.2,8226.58,8222.18,8222.18
1569893520,BTCUSD,1,8222.18,8227.28,8219.37,8219.37
1569893580,BTCUSD,1,8219.37,8237.88,8219.37,8233.84
1569893640,BTCUSD,1,8233.84,8241.43,8232.4,8241.02
1569893700,BTCUSD,1,8241.02,8248.08,8241.02,8248.08
1569893760,BTCUSD,1,8248.08,8252.08,8247.53,8252.01
1569893820,BTCUSD,1,8252.01,8260.93,8250.53,8259.78
1569893880,BTCUSD,1,8259.78,8264.12,8258.51,8258.51
1569893940,BTCUSD,1,8258.51,8264.92,8257.73,8264.92
1569894000,BTCUSD,1,8264.92,8264.92,8251.97,8254.25
1569894060,BTCUSD,1,8254.25,8258.19,8250.98,8252.49
1569894120,BTCUSD,1,8252.49,8275.68,8252.41,8275.3
1569894180,BTCUSD,1,8275.3,8275.3,8266.38,8268.33
1569894240,BTCUSD,1,8268.33,8279.15,8267.73,8276.26
1569894300,BTCUSD,1,8276.26,8280.15,8276.09,8277.9
1569894360,BTCUSD,1,8277.9,8277.9,8267.7,8270.32
1569894420,BTCUSD,1,8270.32,8277.0,8266.2,8277.0
1569894480,BTCUSD,1,8277.0,8287.0,8273.8,8284.21
1569894540,BTCUSD,1,8284.21,8289.98,8275.01,8275.54
1569894600,BTCUSD,1,8275.54,8285.79,8273.71,8285.79
1569894660,BTCUSD,1,8285.79,8293.12,8285.79,8291.21
1569894720,BTCUSD,1,8291.21,8299.27,8288.01,8299.26
1569894780,BTCUSD,1,8299.26,8307.83,8295.51,8303.94
1569894840,BTCUSD,1,8303.94,8303.94,8282.8,8302.4
1569894900,BTCUSD,1,8302.4,8302.4,8295.34,8296.59
1569894960,BTCUSD,1,8296.59,8298.39,8286.9,8286.91
1569895020,BTCUSD,1,8286.91,8286.91,8278.39,8278.39
1569895080,BTCUSD,1,8278.39,8299.44,8278.39,8291.0
1569895140,BTCUSD,1,8291.0,8291.63,8282.28,8286.34
1569895200,BTCUSD,1,8286.34,8305.74,8285.06,8300.03
1569895260,BTCUSD,1,8300.03,8303.75,8294.88,8302.94
1569895320,BTCUSD,1,8302.94,8324.09,8299.08,8315.6
1569895380,BTCUSD,1,8315.6,8315.6,8292.08,8293.86
1569895440,BTCUSD,1,8293.86,8293.86,8282.04,8282.04
1569895500,BTCUSD,1,8282.04,8288.54,8280.03,8288.54
1569895560,BTCUSD,1,8288.54,8306.55,8288.47,8304.48
1569895620,BTCUSD,1,8304.48,8316.06,8303.29,8313.05
1569895680,BTCUSD,1,8313.05,8320.65,8310.2,8319.33
1569895740,BTCUSD,1,8319.33,8319.97,8306.87,8315.48
1569895800,BTCUSD,1,8315.48,8323.68,8312.1,8322.62
1569895860,BTCUSD,1,8322.62,8380.81,8319.6,8355.86
1569895920,BTCUSD,1,8355.86,8364.54,8340.1,8355.06
1569895980,BTCUSD,1,8355.06,8358.35,8337.1,8343.19
1569896040,BTCUSD,1,8343.19,8379.76,8338.09,8371.0
1569896100,BTCUSD,1,8371.0,8400.2,8365.54,8391.19
1569896160,BTCUSD,1,8391.19,8431.95,8376.48,8381.01
1569896220,BTCUSD,1,8381.01,8388.65,8371.55,8379.11
1569896280,BTCUSD,1,8379.11,8379.31,8352.14,8357.81
1569896340,BTCUSD,1,8357.81,8364.15,8351.11,8363.51
1569896400,BTCUSD,1,8363.51,8375.18,8362.51,8369.5
1569896460,BTCUSD,1,8369.5,8389.12,8369.28,8387.67
1569896520,BTCUSD,1,8387.67,8390.44,8380.33,8390.26
1569896580,BTCUSD,1,8390.26,8390.26,8374.2,8375.1
1569896640,BTCUSD,1,8375.1,8375.74,8370.91,8375.74
1569896700,BTCUSD,1,8375.74,8386.94,8374.76,8382.68
1569896760,BTCUSD,1,8382.68,8386.95,8377.27,8380.85
1569896820,BTCUSD,1,8380.85,8398.62,8380.04,8398.62
1569896880,BTCUSD,1,8398.62,8406.26,8394.25,8396.03
1569896940,BTCUSD,1,8396.03,8419.17,8396.02,8407.74
1569897000,BTCUSD,1,8407.74,8407.74,8399.95,8404.56
1569897060,BTCUSD,1,8404.56,8404.56,8389.69,8391.16
1569897120,BTCUSD,1,8391.16,8392.86,8376.11,8377.88
1569897180,BTCUSD,1,8377.88,8386.62,8376.13,8381.89
1569897240,BTCUSD,1,8381.89,8382.53,8372.71,8374.76
1569897300,BTCUSD,1,8374.76,8384.13,8372.63,8380.67
1569897360,BTCUSD,1,8380.67,8389.83,8375.79,8389.83
1569897420,BTCUSD,1,8389.83,8395.78,8387.75,8393.54
1569897480,BTCUSD,1,8393.54,8399.78,8391.91,8395.0
1569897540,BTCUSD,1,8395.0,8398.77,8391.65,8394.95
1569897600,BTCUSD,1,8394.95,8395.49,8390.55,8393.48
1569897660,BTCUSD,1,8393.48,8405.23,8392.48,8398.94
1569897720,BTCUSD,1,8398.94,8404.12,8394.69,8396.32
1569897780,BTCUSD,1,8396.32,8399.03,8395.23,8398.41
1569897840,BTCUSD,1,8398.41,8400.15,8392.66,8392.66
1569897900,BTCUSD,1,8392.66,8394.01,8384.88,8389.61
1569897960,BTCUSD,1,8389.61,8393.83,8389.5,8392.72
1569898020,BTCUSD,1,8392.72,8394.49,8389.85,8394.48
1569898080,BTCUSD,1,8394.48,8394.56,8391.59,8394.56
1569898140,BTCUSD,1,8394.56,8401.82,8394.53,8401.82
1569898200,BTCUSD,1,8401.82,8412.05,8401.82,8409.0
1569898260,BTCUSD,1,8409.0,8418.1,8409.0,8413.78
1569898320,BTCUSD,1,8413.78,8416.88,8413.52,8416.88
1569898380,BTCUSD,1,8416.88,8420.36,8415.31,8419.09
1569898440,BTCUSD,1,8419.09,8434.36,8419.09,8429.99
1569898500,BTCUSD,1,8429.99,8433.7,8420.79,8423.27
1569898560,BTCUSD,1,8423.27,8423.54,8419.97,8422.63
1569898620,BTCUSD,1,8422.63,8430.98,8420.58,8430.98
1569898680,BTCUSD,1,8430.98,8440.32,8428.61,8437.39
1569898740,BTCUSD,1,8437.39,8439.71,8430.43,8432.27
1569898800,BTCUSD,1,8432.27,8432.27,8421.99,8424.38
1569898860,BTCUSD,1,8424.38,8429.98,8418.85,8429.98
1569898920,BTCUSD,1,8429.98,8440.44,8429.98,8439.72
1569898980,BTCUSD,1,8439.72,8440.42,8432.92,8439.05
1569899040,BTCUSD,1,8439.05,8462.52,8437.91,8449.67
1569899100,BTCUSD,1,8449.67,8460.3,8444.3,8458.55
1569899160,BTCUSD,1,8458.55,8479.84,8455.02,8479.84
1569899220,BTCUSD,1,8479.84,8489.54,8469.98,8474.74
1569899280,BTCUSD,1,8474.74,8485.22,8472.59,8485.16
1569899340,BTCUSD,1,8485.16,8498.94,8485.07,8497.68
1569899400,BTCUSD,1,8497.68,8499.05,8480.03,8483.31
1569899460,BTCUSD,1,8483.31,8484.16,8472.99,8478.39
1569899520,BTCUSD,1,8478.39,8499.59,8477.52,8491.34
1569899580,BTCUSD,1,8491.34,8496.05,8488.6,8493.49
1569899640,BTCUSD,1,8493.49,8493.53,8488.5,8490.87
1569899700,BTCUSD,1,8490.87,8495.8,8490.63,8494.5
1569899760,BTCUSD,1,8494.5,8500.11,8494.29,8500.08
1569899820,BTCUSD,1,8500.08,8503.76,8498.65,8503.75
1569899880,BTCUSD,1,8503.75,8518.99,8498.54,8503.0
1569899940,BTCUSD,1,8503.0,8507.49,8491.55,8502.57
1569900000,BTCUSD,1,8502.57,8503.29,8495.8,8498.33
1569900060,BTCUSD,1,8498.33,8499.64,8493.12,8495.89
1569900120,BTCUSD,1,8495.89,8495.89,8475.7,8475.8
1569900180,BTCUSD,1,8475.8,8479.84,8473.12,8477.7
1569900240,BTCUSD,1,8477.7,8477.7,8450.47,8451.53
1569900300,BTCUSD,1,8451.53,8468.28,8451.53,8462.28
1569900360,BTCUSD,1,8462.28,8463.22,8455.98,8456.01
1569900420,BTCUSD,1,8456.01,8471.83,8455.11,8471.83
1569900480,BTCUSD,1,8471.83,8478.0,8468.76,8475.37
1569900540,BTCUSD,1,8475.37,8477.79,8462.55,8466.4
1569900600,BTCUSD,1,8466.4,8471.33,8462.71,8468.43
1569900660,BTCUSD,1,8468.43,8474.24,8466.57,8468.2
1569900720,BTCUSD,1,8468.2,8481.99,8468.05,8479.87
1569900780,BTCUSD,1,8479.87,8482.02,8479.45,8479.45
1569900840,BTCUSD,1,8479.45,8479.99,8470.54,8470.62
1569900900,BTCUSD,1,8470.62,8470.63,8461.67,8461.67
1569900960,BTCUSD,1,8461.67,8465.26,8456.43,8460.01
1569901020,BTCUSD,1,8460.01,8460.11,8459.93,8460.05
1569901080,BTCUSD,1,8460.05,8460.06,8455.53,8455.62
1569901140,BTCUSD,1,8455.62,8460.05,8455.62,8455.93
1569901200,BTCUSD,1,8455.93,8468.98,8455.93,8468.3
1569901260,BTCUSD,1,8468.3,8471.08,8466.71,8466.71
1569901320,BTCUSD,1,8466.71,8469.76,8460.65,8469.76
1569901380,BTCUSD,1,8469.76,8469.76,8467.4,8468.99
1569901440,BTCUSD,1,8468.99,8469.46,8468.91,8469.21
1569901500,BTCUSD,1,8469.21,8469.38,8464.25,8465.72
1569901560,BTCUSD,1,8465.72,8466.19,8464.41,8464.99
1569901620,BTCUSD,1,8464.99,8465.02,8454.66,8454.66
1569901680,BTCUSD,1,8454.66,8455.03,8454.66,8454.7
1569901740,BTCUSD,1,8454.7,8454.88,8440.98,8440.98
1569901800,BTCUSD,1,8440.98,8448.61,8438.12,8445.78
1569901860,BTCUSD,1,8445.78,8448.14,8442.9,8446.61
1569901920,BTCUSD,1,8446.61,8446.61,8443.05,8443.34
1569901980,BTCUSD,1,8443.34,8444.14,8442.34,8443.4
1569902040,BTCUSD,1,8443.4,8443.4,8434.03,8434.09
1569902100,BTCUSD,1,8434.09,8434.09,8429.58,8429.97
1569902160,BTCUSD,1,8429.97,8436.83,8427.25,8436.83
1569902220,BTCUSD,1,8436.83,8438.85,8433.7,8437.15
1569902280,BTCUSD,1,8437.15,8437.28,8425.87,8425.87
1569902340,BTCUSD,1,8425.87,8425.87,8420.25,8422.39
1569902400,BTCUSD,1,8422.39,8422.39,8419.03,8419.03
1569902460,BTCUSD,1,8419.03,8428.39,8416.42,8428.39
1569902520,BTCUSD,1,8428.39,8438.47,8424.35,8438.47
1569902580,BTCUSD,1,8438.47,8443.55,8432.58,8440.6
1569902640,BTCUSD,1,8440.6,8446.08,8440.6,8442.69
1569902700,BTCUSD,1,8442.69,8449.54,8442.51,8444.05
1569902760,BTCUSD,1,8444.05,8444.07,8443.98,8443.98
1569902820,BTCUSD,1,8443.98,8449.99,8443.17,8443.17
1569902880,BTCUSD,1,8443.17,8443.44,8432.13,8433.69
1569902940,BTCUSD,1,8433.69,8433.69,8427.75,8430.94
1569903000,BTCUSD,1,8430.94,8435.45,8430.53,8431.89
1569903060,BTCUSD,1,8431.89,8435.76,8431.27,8435.76
1569903120,BTCUSD,1,8435.76,8443.98,8434.48,8438.73
1569903180,BTCUSD,1,8438.73,8446.39,8438.73,8443.95
1569903240,BTCUSD,1,8443.95,8445.23,8437.29,8438.6
1569903300,BTCUSD,1,8438.6,8439.27,8434.56,8434.83
1569903360,BTCUSD,1,8434.83,8436.46,8434.19,8434.19
1569903420,BTCUSD,1,8434.19,8436.6,8434.19,8434.31
1569903480,BTCUSD,1,8434.31,8437.65,8434.31,8437.65
1569903540,BTCUSD,1,8437.65,8444.55,8437.5,8438.51
1569903600,BTCUSD,1,8438.51,8445.13,8438.51,8441.34
1569903660,BTCUSD,1,8441.34,8445.82,8441.34,8445.82
1569903720,BTCUSD,1,8445.82,8449.63,8445.82,8447.24
1569903780,BTCUSD,1,8447.24,8447.91,8444.19,8447.43
1569903840,BTCUSD,1,8447.43,8448.84,8444.8,8445.06
1569903900,BTCUSD,1,8445.06,8449.81,8444.99,8447.34
1569903960,BTCUSD,1,8447.34,8448.01,8445.61,8445.82
1569904020,BTCUSD,1,8445.82,8454.75,8445.82,8454.75
1569904080,BTCUSD,1,8454.75,8461.28,8454.75,8457.47
1569904140,BTCUSD,1,8457.47,8458.35,8454.08,8454.19
1569904200,BTCUSD,1,8454.19,8457.69,8453.3,8453.3
1569904260,BTCUSD,1,8453.3,8457.02,8453.3,8455.9
1569904320,BTCUSD,1,8455.9,8463.4,8455.9,8463.0
1569904380,BTCUSD,1,8463.0,8467.35,8462.97,8463.01
1569904440,BTCUSD,1,8463.01,8479.06,8463.01,8479.06
1569904500,BTCUSD,1,8479.06,8479.06,8475.45,8476.19
1569904560,BTCUSD,1,8476.19,8479.71,8476.19,8478.77
1569904620,BTCUSD,1,8478.77,8479.73,8477.47,8477.48
1569904680,BTCUSD,1,8477.48,8477.48,8467.4,8470.97
1569904740,BTCUSD,1,8470.97,8470.97,8467.43,8469.71
1569904800,BTCUSD,1,8469.71,8471.55,8469.3,8471.44
1569904860,BTCUSD,1,8471.44,8471.44,8463.03,8464.46
1569904920,BTCUSD,1,8464.46,8466.56,8461.0,8461.1
1569904980,BTCUSD,1,8461.1,8466.34,8461.1,8464.01
1569905040,BTCUSD,1,8464.01,8464.99,8460.92,8464.95
1569905100,BTCUSD,1,8464.95,8464.95,8459.77,8461.5
1569905160,BTCUSD,1,8461.5,8461.5,8451.13,8451.53
1569905220,BTCUSD,1,8451.53,8459.44,8448.0,8454.82
1569905280,BTCUSD,1,8454.82,8456.77,8449.88,8452.75
1569905340,BTCUSD,1,8452.75,8453.66,8443.88,8443.88
1569905400,BTCUSD,1,8443.88,8448.18,8437.7,8439.29
1569905460,BTCUSD,1,8439.29,8439.29,8434.51,8436.75
1569905520,BTCUSD,1,8436.75,8436.96,8434.07,8434.73
1569905580,BTCUSD,1,8434.73,8441.39,8434.73,8437.02
1569905640,BTCUSD,1,8437.02,8437.02,8434.13,8436.92
1569905700,BTCUSD,1,8436.92,8438.51,8434.55,8438.51
1569905760,BTCUSD,1,8438.51,8444.94,8438.51,8444.94
1569905820,BTCUSD,1,8444.94,8446.18,8440.07,8441.49
1569905880,BTCUSD,1,8441.49,8449.63,8441.39,8446.09
1569905940,BTCUSD,1,8446.09,8447.51,8442.56,8445.95
1569906000,BTCUSD,1,8445.95,8447.27,8443.45,8444.67
1569906060,BTCUSD,1,8444.67,8454.17,8444.67,8447.37
1569906120,BTCUSD,1,8447.37,8456.74,8447.31,8456.7
1569906180,BTCUSD,1,8456.7,8458.84,8450.24,8457.73
1569906240,BTCUSD,1,8457.73,8458.23,8452.53,8452.53
1569906300,BTCUSD,1,8452.53,8456.51,8452.5,8455.96
1569906360,BTCUSD,1,8455.96,8457.1,8453.01,8453.67
1569906420,BTCUSD,1,8453.67,8455.99,8451.21,8455.15
1569906480,BTCUSD,1,8455.15,8458.19,8453.03,8455.08
1569906540,BTCUSD,1,8455.08,8458.64,8454.72,8455.67
1569906600,BTCUSD,1,8455.67,8458.65,8454.47,8454.95
1569906660,BTCUSD,1,8454.95,8454.95,8450.23,8451.2
1569906720,BTCUSD,1,8451.2,8452.2,8445.2,8447.92
1569906780,BTCUSD,1,8447.92,8447.92,8443.85,8443.85
1569906840,BTCUSD,1,8443.85,8445.07,8443.53,8443.95
1569906900,BTCUSD,1,8443.95,8445.36,8440.61,8441.86
1569906960,BTCUSD,1,8441.86,8444.36,8438.1,8439.33
1569907020,BTCUSD,1,8439.33,8439.97,8431.04,8432.2
1569907080,BTCUSD,1,8432.2,8434.39,8431.13,8431.13
1569907140,BTCUSD,1,8431.13,8433.99,8425.08,8427.98
1569907200,BTCUSD,1,8427.98,8431.04,8425.07,8425.27
1569907260,BTCUSD,1,8425.27,8427.0,8425.0,8425.01
1569907320,BTCUSD,1,8425.01,8429.43,8421.58,8427.88
1569907380,BTCUSD,1,8427.88,8434.29,8427.88,8432.67
1569907440,BTCUSD,1,8432.67,8440.78,8432.67,8433.53
1569907500,BTCUSD,1,8433.53,8439.71,8433.53,8434.13
1569907560,BTCUSD,1,8434.13,8444.98,8434.13,8441.02
1569907620,BTCUSD,1,8441.02,8445.12,8441.02,8445.1
1569907680,BTCUSD,1,8445.1,8445.74,8443.35,8443.6
1569907740,BTCUSD,1,8443.6,8445.78,8443.55,8445.22
1569907800,BTCUSD,1,8445.22,8445.55,8437.15,8437.15
1569907860,BTCUSD,1,8437.15,8439.3,8431.51,8431.61
1569907920,BTCUSD,1,8431.61,8438.14,8431.11,8438.14
1569907980,BTCUSD,1,8438.14,8438.14,8431.1,8432.34
1569908040,BTCUSD,1,8432.34,8433.16,8431.43,8432.54
1569908100,BTCUSD,1,8432.54,8432.54,8428.9,8429.01
1569908160,BTCUSD,1,8429.01,8430.01,8428.29,8428.78
1569908220,BTCUSD,1,8428.78,8431.79,8428.78,8431.76
1569908280,BTCUSD,1,8431.76,8431.76,8421.7,8427.48
1569908340,BTCUSD,1,8427.48,8431.48,8427.48,8429.57
1569908400,BTCUSD,1,8429.57,8439.97,8428.81,8438.48
1569908460,BTCUSD,1,8438.48,8443.1,8437.27,8437.27
1569908520,BTCUSD,1,8437.27,8444.35,8435.26,8441.25
1569908580,BTCUSD,1,8441.25,8443.4,8439.48,8441.99
1569908640,BTCUSD,1,8441.99,8441.99,8437.54,8439.62
1569908700,BTCUSD,1,8439.62,8441.18,8435.02,8437.65
1569908760,BTCUSD,1,8437.65,8437.65,8434.25,8434.27
1569908820,BTCUSD,1,8434.27,8437.14,8434.27,8434.83
1569908880,BTCUSD,1,8434.83,8436.59,8430.06,8431.01
1569908940,BTCUSD,1,8431.01,8441.73,8430.5,8439.98
1569909000,BTCUSD,1,8439.98,8445.22,8439.98,8441.89
1569909060,BTCUSD,1,8441.89,8445.56,8441.89,8443.77
1569909120,BTCUSD,1,8443.77,8445.21,8439.82,8441.72
1569909180,BTCUSD,1,8441.72,8443.83,8433.92,8436.44
1569909240,BTCUSD,1,8436.44,8437.77,8433.94,8437.7
1569909300,BTCUSD,1,8437.7,8437.81,8435.22,8435.22
1569909360,BTCUSD,1,8435.22,8435.23,8434.93,8434.93
1569909420,BTCUSD,1,8434.93,8441.89,8434.93,8441.83
1569909480,BTCUSD,1,8441.83,8442.42,8439.3,8439.32
1569909540,BTCUSD,1,8439.32,8443.19,8439.32,8440.0
1569909600,BTCUSD,1,8440.0,8441.39,8432.3,8432.93
1569909660,BTCUSD,1,8432.93,8432.93,8423.03,8425.44
1569909720,BTCUSD,1,8425.44,8435.17,8424.68,8434.01
1569909780,BTCUSD,1,8434.01,8435.0,8426.7,8427.28
1569909840,BTCUSD,1,8427.28,8429.98,8423.61,8428.01
1569909900,BTCUSD,1,8428.01,8428.59,8420.41,8420.96
1569909960,BTCUSD,1,8420.96,8424.18,8419.64,8420.58
1569910020,BTCUSD,1,8420.58,8420.94,8411.09,8411.53
1569910080,BTCUSD,1,8411.53,8426.56,8411.53,8422.13
1569910140,BTCUSD,1,8422.13,8428.39,8420.68,8427.79
1569910200,BTCUSD,1,8427.79,8429.05,8425.52,8426.65
1569910260,BTCUSD,1,8426.65,8426.65,8424.11,8426.59
1569910320,BTCUSD,1,8426.59,8427.43,8424.75,8427.43
1569910380,BTCUSD,1,8427.43,8430.0,8427.43,8428.51
1569910440,BTCUSD,1,8428.51,8428.51,8426.77,8426.77
1569910500,BTCUSD,1,8426.77,8426.77,8409.72,8412.23
1569910560,BTCUSD,1,8412.23,8416.0,8410.17,8410.17
1569910620,BTCUSD,1,8410.17,8415.96,8405.24,8406.61
1569910680,BTCUSD,1,8406.61,8409.61,8397.08,8403.59
1569910740,BTCUSD,1,8403.59,8406.29,8398.95,8399.46
1569910800,BTCUSD,1,8399.46,8411.46,8393.61,8404.28
1569910860,BTCUSD,1,8404.28,8411.38,8395.92,8395.92
1569910920,BTCUSD,1,8395.92,8403.8,8393.08,8400.17
1569910980,BTCUSD,1,8400.17,8408.1,8400.17,8408.1
1569911040,BTCUSD,1,8408.1,8408.38,8402.7,8402.7
1569911100,BTCUSD,1,8402.7,8409.9,8402.29,8409.9
1569911160,BTCUSD,1,8409.9,8421.7,8409.87,8418.67
1569911220,BTCUSD,1,8418.67,8420.74,8415.55,8416.9
1569911280,BTCUSD,1,8416.9,8416.9,8408.26,8408.26
1569911340,BTCUSD,1,8408.26,8409.29,8397.43,8400.86
1569911400,BTCUSD,1,8400.86,8406.23,8397.23,8398.11
1569911460,BTCUSD,1,8398.11,8400.35,8395.64,8400.06
1569911520,BTCUSD,1,8400.06,8400.18,8391.87,8392.49
1569911580,BTCUSD,1,8392.49,8394.6,8389.98,8390.02
1569911640,BTCUSD,1,8390.02,8393.34,8389.99,8392.37
1569911700,BTCUSD,1,8392.37,8398.0,8391.5,8392.45
1569911760,BTCUSD,1,8392.45,8396.79,8390.1,8395.18
1569911820,BTCUSD,1,8395.18,8406.42,8395.18,8399.51
1569911880,BTCUSD,1,8399.51,8400.65,8390.45,8393.61
1569911940,BTCUSD,1,8393.61,8393.61,8380.69,8388.62
1569912000,BTCUSD,1,8388.62,8388.62,8381.91,8383.52
1569912060,BTCUSD,1,8383.52,8385.07,8380.29,8380.29
1569912120,BTCUSD,1,8380.29,8384.06,8378.06,8379.97
1569912180,BTCUSD,1,8379.97,8388.79,8379.97,8388.05
1569912240,BTCUSD,1,8388.05,8389.99,8384.07,8389.99
1569912300,BTCUSD,1,8389.99,8389.99,8385.71,8385.71
1569912360,BTCUSD,1,8385.71,8385.78,8384.18,8384.45
1569912420,BTCUSD,1,8384.45,8384.45,8371.0,8376.45
1569912480,BTCUSD,1,8376.45,8382.58,8375.03,8377.13
1569912540,BTCUSD,1,8377.13,8377.13,8372.78,8374.55
1569912600,BTCUSD,1,8374.55,8375.94,8374.17,8374.17
1569912660,BTCUSD,1,8374.17,8375.99,8374.11,8375.16
1569912720,BTCUSD,1,8375.16,8383.71,8375.16,8382.01
1569912780,BTCUSD,1,8382.01,8383.96,8379.88,8383.96
1569912840,BTCUSD,1,8383.96,8383.96,8377.51,8377.51
1569912900,BTCUSD,1,8377.51,8388.78,8377.51,8388.17
1569912960,BTCUSD,1,8388.17,8391.07,8387.33,8391.06
1569913020,BTCUSD,1,8391.06,8399.09,8388.39,8399.09
1569913080,BTCUSD,1,8399.09,8402.3,8395.46,8400.01
1569913140,BTCUSD,1,8400.01,8406.23,8399.91,8400.08
1569913200,BTCUSD,1,8400.08,8404.96,8399.9,8401.8
1569913260,BTCUSD,1,8401.8,8401.81,8388.41,8389.61
1569913320,BTCUSD,1,8389.61,8396.64,8389.32,8396.44
1569913380,BTCUSD,1,8396.44,8396.44,8391.14,8391.36
1569913440,BTCUSD,1,8391.36,8396.31,8391.26,8391.62
1569913500,BTCUSD,1,8391.62,8396.01,8390.98,8390.98
1569913560,BTCUSD,1,8390.98,8393.03,8389.63,8389.69
1569913620,BTCUSD,1,8389.69,8393.16,8389.2,8389.2
1569913680,BTCUSD,1,8389.2,8393.22,8387.83,8391.79
1569913740,BTCUSD,1,8391.79,8393.22,8387.27,8387.27
1569913800,BTCUSD,1,8387.27,8387.48,8386.69,8386.84
1569913860,BTCUSD,1,8386.84,8390.88,8385.52,8385.52
1569913920,BTCUSD,1,8385.52,8387.41,8382.45,8383.92
1569913980,BTCUSD,1,8383.92,8383.92,8377.8,8377.82
1569914040,BTCUSD,1,8377.82,8383.28,8376.58,8376.58
1569914100,BTCUSD,1,8376.58,8381.03,8372.83,8375.27
1569914160,BTCUSD,1,8375.27,8379.86,8373.56,8377.15
1569914220,BTCUSD,1,8377.15,8383.37,8377.15,8383.37
1569914280,BTCUSD,1,8383.37,8384.46,8382.96,8383.25
1569914340,BTCUSD,1,8383.25,8389.63,8383.25,8385.26
1569914400,BTCUSD,1,8385.26,8389.66,8384.97,8385.59
1569914460,BTCUSD,1,8385.59,8389.68,8382.15,8382.15
1569914520,BTCUSD,1,8382.15,8384.66,8379.93,8384.66
1569914580,BTCUSD,1,8384.66,8387.18,8383.0,8384.7
1569914640,BTCUSD,1,8384.7,8388.81,8384.7,8385.01
1569914700,BTCUSD,1,8385.01,8387.43,8384.21,8384.21
1569914760,BTCUSD,1,8384.21,8387.09,8382.1,8382.23
1569914820,BTCUSD,1,8382.23,8384.52,8375.8,8378.73
1569914880,BTCUSD,1,8378.73,8378.73,8375.08,8377.37
1569914940,BTCUSD,1,8377.37,8378.96,8376.92,8376.94
1569915000,BTCUSD,1,8376.94,8378.07,8375.06,8377.12
1569915060,BTCUSD,1,8377.12,8382.49,8377.12,8377.46
1569915120,BTCUSD,1,8377.46,8383.95,8377.43,8383.95
1569915180,BTCUSD,1,8383.95,8383.95,8379.44,8381.44
1569915240,BTCUSD,1,8381.44,8383.78,8377.68,8382.99
1569915300,BTCUSD,1,8382.99,8390.57,8382.98,8389.95
1569915360,BTCUSD,1,8389.95,8397.07,8389.95,8397.07
1569915420,BTCUSD,1,8397.07,8397.79,8391.47,8391.59
1569915480,BTCUSD,1,8391.59,8396.11,8390.32,8390.33
1569915540,BTCUSD,1,8390.33,8394.84,8389.7,8394.0
1569915600,BTCUSD,1,8394.0,8394.44,8390.81,8390.84
1569915660,BTCUSD,1,8390.84,8395.2,8390.81,8392.68
1569915720,BTCUSD,1,8392.68,8399.22,8392.68,8395.92
1569915780,BTCUSD,1,8395.92,8413.08,8395.92,8411.58
1569915840,BTCUSD,1,8411.58,8415.53,8403.03,8405.32
1569915900,BTCUSD,1,8405.32,8419.88,8405.32,8415.07
1569915960,BTCUSD,1,8415.07,8419.23,8414.98,8418.85
1569916020,BTCUSD,1,8418.85,8422.01,8418.85,8419.1
1569916080,BTCUSD,1,8419.1,8422.89,8417.72,8421.44
1569916140,BTCUSD,1,8421.44,8421.44,8418.39,8420.23
1569916200,BTCUSD,1,8420.23,8431.18,8419.94,8427.0
1569916260,BTCUSD,1,8427.0,8438.95,8427.0,8433.78
1569916320,BTCUSD,1,8433.78,8437.13,8426.3,8434.87
1569916380,BTCUSD,1,8434.87,8440.0,8430.61,8440.0
1569916440,BTCUSD,1,8440.0,8440.01,8425.44,8430.13
1569916500,BTCUSD,1,8430.13,8431.94,8423.75,8431.94
1569916560,BTCUSD,1,8431.94,8437.41,8430.34,8437.02
1569916620,BTCUSD,1,8437.02,8439.97,8434.64,8436.81
1569916680,BTCUSD,1,8436.81,8439.03,8432.69,8437.73
1569916740,BTCUSD,1,8437.73,8437.73,8430.69,8430.69
1569916800,BTCUSD,1,8430.69,8435.1,8428.0,8429.72
1569916860,BTCUSD,1,8429.72,8432.9,8421.56,8425.96
1569916920,BTCUSD,1,8425.96,8426.81,8421.81,8425.89
1569916980,BTCUSD,1,8425.89,8425.91,8421.46,8421.54
1569917040,BTCUSD,1,8421.54,8422.22,8415.89,8415.97
1569917100,BTCUSD,1,8415.97,8422.53,8415.47,8422.53
1569917160,BTCUSD,1,8422.53,8425.44,8417.29,8421.59
1569917220,BTCUSD,1,8421.59,8425.39,8421.39,8425.11
1569917280,BTCUSD,1,8425.11,8437.58,8425.11,8437.58
1569917340,BTCUSD,1,8437.58,8439.79,8432.6,8432.6
1569917400,BTCUSD,1,8432.6,8438.2,8432.52,8433.43
1569917460,BTCUSD,1,8433.43,8433.74,8428.3,8428.83
1569917520,BTCUSD,1,8428.83,8432.57,8418.36,8422.25
1569917580,BTCUSD,1,8422.25,8422.25,8412.28,8415.4
1569917640,BTCUSD,1,8415.4,8421.72,8414.57,8420.01
1569917700,BTCUSD,1,8420.01,8422.07,8416.03,8418.25
1569917760,BTCUSD,1,8418.25,8422.08,8417.68,8419.31
1569917820,BTCUSD,1,8419.31,8420.62,8415.69,8419.69
1569917880,BTCUSD,1,8419.69,8419.69,8407.82,8409.83
1569917940,BTCUSD,1,8409.83,8409.94,8405.97,8407.94
1569918000,BTCUSD,1,8407.94,8409.2,8406.96,8407.23
1569918060,BTCUSD,1,8407.23,8407.23,8404.51,8407.05
1569918120,BTCUSD,1,8407.05,8407.08,8402.77,8402.77
1569918180,BTCUSD,1,8402.77,8404.02,8400.02,8400.26
1569918240,BTCUSD,1,8400.26,8403.92,8390.61,8390.61
1569918300,BTCUSD,1,8390.61,8395.85,8390.17,8390.17
1569918360,BTCUSD,1,8390.17,8390.19,8388.71,8388.71
1569918420,BTCUSD,1,8388.71,8391.83,8388.53,8388.93
1569918480,BTCUSD,1,8388.93,8391.84,8385.65,8387.38
1569918540,BTCUSD,1,8387.38,8389.97,8382.72,8384.0
1569918600,BTCUSD,1,8384.0,8384.0,8371.59,8378.01
1569918660,BTCUSD,1,8378.01,8379.46,8374.14,8378.7
1569918720,BTCUSD,1,8378.7,8378.7,8371.01,8375.5
1569918780,BTCUSD,1,8375.5,8383.02,8373.79,8381.95
1569918840,BTCUSD,1,8381.95,8386.07,8380.8,8384.86
1569918900,BTCUSD,1,8384.86,8390.0,8384.85,8389.99
1569918960,BTCUSD,1,8389.99,8390.46,8387.21,8388.56
1569919020,BTCUSD,1,8388.56,8390.1,8385.36,8388.13
1569919080,BTCUSD,1,8388.13,8394.98,8388.06,8391.97
1569919140,BTCUSD,1,8391.97,8397.1,8391.97,8396.9
1569919200,BTCUSD,1,8396.9,8397.01,8393.42,8393.42
1569919260,BTCUSD,1,8393.42,8393.81,8392.3,8392.3
1569919320,BTCUSD,1,8392.3,8392.3,8391.24,8392.16
1569919380,BTCUSD,1,8392.16,8392.25,8391.37,8391.37
1569919440,BTCUSD,1,8391.37,8392.29,8389.93,8389.98
1569919500,BTCUSD,1,8389.98,8391.62,8389.95,8390.03
1569919560,BTCUSD,1,8390.03,8391.61,8389.8,8391.37
1569919620,BTCUSD,1,8391.37,8397.11,8391.37,8396.0
1569919680,BTCUSD,1,8396.0,8396.92,8394.87,8395.0
1569919740,BTCUSD,1,8395.0,8397.11,8394.92,8395.93
1569919800,BTCUSD,1,8395.93,8397.11,8394.94,8395.01
1569919860,BTCUSD,1,8395.01,8399.24,8394.96,8394.98
1569919920,BTCUSD,1,8394.98,8398.62,8393.9,8394.97
1569919980,BTCUSD,1,8394.97,8398.16,8394.38,8396.42
1569920040,BTCUSD,1,8396.42,8398.44,8395.01,8395.01
1569920100,BTCUSD,1,8395.01,8395.58,8393.67,8393.67
1569920160,BTCUSD,1,8393.67,8395.8,8391.03,8392.43
1569920220,BTCUSD,1,8392.43,8392.43,8385.52,8388.4
1569920280,BTCUSD,1,8388.4,8391.38,8388.4,8388.57
1569920340,BTCUSD,1,8388.57,8391.38,8388.51,8391.38
1569920400,BTCUSD,1,8391.38,8395.01,8391.38,8395.0
1569920460,BTCUSD,1,8395.0,8395.01,8392.21,8395.01
1569920520,BTCUSD,1,8395.01,8395.01,8395.0,8395.01
1569920580,BTCUSD,1,8395.01,8395.01,8389.78,8389.79
1569920640,BTCUSD,1,8389.79,8389.79,8379.47,8380.34
1569920700,BTCUSD,1,8380.34,8380.65,8379.47,8380.65
1569920760,BTCUSD,1,8380.65,8380.65,8371.59,8378.19
1569920820,BTCUSD,1,8378.19,8378.19,8370.15,8370.15
1569920880,BTCUSD,1,8370.15,8375.13,8369.76,8375.13
1569920940,BTCUSD,1,8375.13,8375.16,8371.42,8371.45
1569921000,BTCUSD,1,8371.45,8377.2,8371.45,8371.94
1569921060,BTCUSD,1,8371.94,8371.94,8335.7,8345.81
1569921120,BTCUSD,1,8345.81,8356.4,8343.9,8355.7
1569921180,BTCUSD,1,8355.7,8355.7,8340.61,8342.8
1569921240,BTCUSD,1,8342.8,8346.65,8326.07,8346.13
1569921300,BTCUSD,1,8346.13,8346.59,8329.05,8330.6
1569921360,BTCUSD,1,8330.6,8332.51,8322.6,8322.6
1569921420,BTCUSD,1,8322.6,8337.7,8317.71,8337.7
1569921480,BTCUSD,1,8337.7,8346.87,8336.67,8346.07
1569921540,BTCUSD,1,8346.07,8352.93,8343.82,8349.81
1569921600,BTCUSD,1,8349.81,8349.81,8336.03,8336.03
1569921660,BTCUSD,1,8336.03,8342.42,8331.56,8342.42
1569921720,BTCUSD,1,8342.42,8350.34,8336.68,8349.96
1569921780,BTCUSD,1,8349.96,8349.96,8337.87,8342.42
1569921840,BTCUSD,1,8342.42,8342.42,8335.26,8340.08
1569921900,BTCUSD,1,8340.08,8343.14,8335.37,8337.65
1569921960,BTCUSD,1,8337.65,8342.6,8329.38,8332.28
1569922020,BTCUSD,1,8332.28,8334.0,8326.87,8328.61
1569922080,BTCUSD,1,8328.61,8335.62,8326.14,8326.14
1569922140,BTCUSD,1,8326.14,8328.49,8321.92,8326.91
1569922200,BTCUSD,1,8326.91,8328.41,8321.0,8324.99
1569922260,BTCUSD,1,8324.99,8338.79,8322.32,8338.79
1569922320,BTCUSD,1,8338.79,8344.94,8335.02,8342.04
1569922380,BTCUSD,1,8342.04,8344.11,8336.54,8339.82
1569922440,BTCUSD,1,8339.82,8347.92,8338.35,8347.78
1569922500,BTCUSD,1,8347.78,8348.09,8337.56,8345.0
1569922560,BTCUSD,1,8345.0,8351.12,8345.0,8348.21
1569922620,BTCUSD,1,8348.21,8349.16,8345.01,8347.03
1569922680,BTCUSD,1,8347.03,8352.37,8346.81,8349.09
1569922740,BTCUSD,1,8349.09,8352.25,8348.43,8349.69
1569922800,BTCUSD,1,8349.69,8359.9,8349.52,8359.9
1569922860,BTCUSD,1,8359.9,8363.94,8352.65,8352.93
1569922920,BTCUSD,1,8352.93,8355.28,8351.55,8351.9
1569922980,BTCUSD,1,8351.9,8353.06,8347.53,8348.82
1569923040,BTCUSD,1,8348.82,8350.61,8345.01,8347.39
1569923100,BTCUSD,1,8347.39,8350.23,8345.24,8347.51
1569923160,BTCUSD,1,8347.51,8355.26,8347.51,8351.55
1569923220,BTCUSD,1,8351.55,8355.17,8348.84,8354.43
1569923280,BTCUSD,1,8354.43,8354.43,8345.01,8345.01
1569923340,BTCUSD,1,8345.01,8349.21,8338.03,8342.29
1569923400,BTCUSD,1,8342.29,8342.47,8332.84,8332.94
1569923460,BTCUSD,1,8332.94,8343.39,8332.94,8343.39
1569923520,BTCUSD,1,8343.39,8343.39,8337.97,8338.96
1569923580,BTCUSD,1,8338.96,8345.27,8338.9,8345.27
1569923640,BTCUSD,1,8345.27,8350.9,8344.97,8345.18
1569923700,BTCUSD,1,8345.18,8351.75,8345.17,8350.74
1569923760,BTCUSD,1,8350.74,8351.03,8345.16,8350.92
1569923820,BTCUSD,1,8350.92,8350.92,8345.54,8348.77
1569923880,BTCUSD,1,8348.77,8351.79,8344.91,8346.99
1569923940,BTCUSD,1,8346.99,8347.27,8340.89,8344.7
1569924000,BTCUSD,1,8344.7,8349.89,8341.51,8349.89
1569924060,BTCUSD,1,8349.89,8350.01,8349.88,8349.88
1569924120,BTCUSD,1,8349.88,8349.89,8343.48,8346.57
1569924180,BTCUSD,1,8346.57,8346.67,8343.97,8346.36
1569924240,BTCUSD,1,8346.36,8350.03,8345.96,8350.02
1569924300,BTCUSD,1,8350.02,8356.67,8350.02,8356.47
1569924360,BTCUSD,1,8356.47,8356.71,8354.3,8355.01
1569924420,BTCUSD,1,8355.01,8362.1,8355.0,8358.73
1569924480,BTCUSD,1,8358.73,8358.73,8354.65,8354.83
1569924540,BTCUSD,1,8354.83,8358.29,8351.11,8357.63
1569924600,BTCUSD,1,8357.63,8361.32,8356.4,8356.41
1569924660,BTCUSD,1,8356.41,8369.55,8356.41,8369.51
1569924720,BTCUSD,1,8369.51,8376.23,8365.63,8372.0
1569924780,BTCUSD,1,8372.0,8377.22,8368.0,8368.03
1569924840,BTCUSD,1,8368.03,8375.13,8367.89,8371.21
1569924900,BTCUSD,1,8371.21,8380.89,8367.34,8380.89
1569924960,BTCUSD,1,8380.89,8381.09,8379.48,8380.58
1569925020,BTCUSD,1,8380.58,8382.81,8376.94,8382.81
1569925080,BTCUSD,1,8382.81,8382.81,8376.67,8379.18
1569925140,BTCUSD,1,8379.18,8382.48,8376.68,8379.51
1569925200,BTCUSD,1,8379.51,8381.17,8377.3,8378.8
1569925260,BTCUSD,1,8378.8,8380.2,8366.3,8368.8
1569925320,BTCUSD,1,8368.8,8371.2,8358.54,8360.92
1569925380,BTCUSD,1,8360.92,8360.92,8355.67,8355.88
1569925440,BTCUSD,1,8355.88,8359.55,8351.74,8353.96
1569925500,BTCUSD,1,8353.96,8355.32,8349.16,8349.16
1569925560,BTCUSD,1,8349.16,8352.01,8348.87,8352.01
1569925620,BTCUSD,1,8352.01,8352.01,8348.07,8350.52
1569925680,BTCUSD,1,8350.52,8356.31,8347.79,8356.31
1569925740,BTCUSD,1,8356.31,8356.31,8351.54,8351.54
1569925800,BTCUSD,1,8351.54,8351.99,8345.08,8345.08
1569925860,BTCUSD,1,8345.08,8346.36,8329.94,8330.7
1569925920,BTCUSD,1,8330.7,8330.84,8328.96,8328.96
1569925980,BTCUSD,1,8328.96,8338.46,8328.96,8337.9
1569926040,BTCUSD,1,8337.9,8337.92,8332.71,8333.7
1569926100,BTCUSD,1,8333.7,8342.7,8330.34,8335.43
1569926160,BTCUSD,1,8335.43,8337.73,8333.71,8336.15
1569926220,BTCUSD,1,8336.15,8340.0,8336.01,8340.0
1569926280,BTCUSD,1,8340.0,8340.0,8333.24,8335.29
1569926340,BTCUSD,1,8335.29,8339.64,8333.53,8335.16
1569926400,BTCUSD,1,8335.16,8339.95,8335.13,8339.95
1569926460,BTCUSD,1,8339.95,8339.95,8332.35,8333.39
1569926520,BTCUSD,1,8333.39,8333.39,8328.42,8329.53
1569926580,BTCUSD,1,8329.53,8333.2,8328.5,8328.94
1569926640,BTCUSD,1,8328.94,8335.21,8328.94,8335.21
1569926700,BTCUSD,1,8335.21,8344.58,8334.96,8340.67
1569926760,BTCUSD,1,8340.67,8344.63,8340.67,8344.5
1569926820,BTCUSD,1,8344.5,8347.61,8344.5,8347.61
1569926880,BTCUSD,1,8347.61,8355.02,8346.93,8349.28
1569926940,BTCUSD,1,8349.28,8359.73,8349.28,8355.01
1569927000,BTCUSD,1,8355.01,8359.51,8343.3,8346.72
1569927060,BTCUSD,1,8346.72,8353.24,8344.79,8350.28
1569927120,BTCUSD,1,8350.28,8356.92,8348.14,8348.14
1569927180,BTCUSD,1,8348.14,8350.43,8338.46,8338.61
1569927240,BTCUSD,1,8338.61,8340.03,8338.21,8338.21
1569927300,BTCUSD,1,8338.21,8340.03,8338.21,8338.22
1569927360,BTCUSD,1,8338.22,8338.22,8334.77,8336.39
1569927420,BTCUSD,1,8336.39,8337.38,8329.07,8330.64
1569927480,BTCUSD,1,8330.64,8330.66,8322.88,8322.88
1569927540,BTCUSD,1,8322.88,8336.96,8322.88,8329.46
1569927600,BTCUSD,1,8329.46,8330.01,8311.29,8315.5
1569927660,BTCUSD,1,8315.5,8324.6,8311.36,8324.6
1569927720,BTCUSD,1,8324.6,8324.6,8316.95,8321.1
1569927780,BTCUSD,1,8321.1,8328.34,8320.0,8324.6
1569927840,BTCUSD,1,8324.6,8328.35,8324.59,8327.6
1569927900,BTCUSD,1,8327.6,8328.68,8325.91,8327.36
1569927960,BTCUSD,1,8327.36,8327.82,8324.23,8325.1
1569928020,BTCUSD,1,8325.1,8328.75,8324.74,8327.66
1569928080,BTCUSD,1,8327.66,8328.97,8326.9,8328.97
1569928140,BTCUSD,1,8328.97,8337.44,8328.97,8333.17
1569928200,BTCUSD,1,8333.17,8342.57,8332.77,8337.72
1569928260,BTCUSD,1,8337.72,8341.38,8334.14,8337.8
1569928320,BTCUSD,1,8337.8,8345.91,8335.41,8337.56
1569928380,BTCUSD,1,8337.56,8344.2,8336.95,8339.0
1569928440,BTCUSD,1,8339.0,8349.23,8339.0,8349.23
1569928500,BTCUSD,1,8349.23,8350.15,8345.26,8348.53
1569928560,BTCUSD,1,8348.53,8352.9,8346.76,8352.87
1569928620,BTCUSD,1,8352.87,8359.53,8347.83,8347.83
1569928680,BTCUSD,1,8347.83,8352.1,8344.58,8345.42
1569928740,BTCUSD,1,8345.42,8345.55,8344.07,8345.14
1569928800,BTCUSD,1,8345.14,8347.05,8344.33,8347.05
1569928860,BTCUSD,1,8347.05,8359.89,8347.04,8359.89
1569928920,BTCUSD,1,8359.89,8359.89,8353.72,8359.4
1569928980,BTCUSD,1,8359.4,8359.89,8355.0,8357.49
1569929040,BTCUSD,1,8357.49,8361.91,8355.14,8361.69
1569929100,BTCUSD,1,8361.69,8365.01,8357.78,8359.69
1569929160,BTCUSD,1,8359.69,8361.28,8354.89,8356.26
1569929220,BTCUSD,1,8356.26,8356.36,8355.09,8356.25
1569929280,BTCUSD,1,8356.25,8360.19,8356.25,8358.23
1569929340,BTCUSD,1,8358.23,8360.08,8358.23,8358.92
1569929400,BTCUSD,1,8358.92,8365.7,8358.9,8365.7
1569929460,BTCUSD,1,8365.7,8366.35,8360.08,8360.15
1569929520,BTCUSD,1,8360.15,8361.45,8355.07,8355.07
1569929580,BTCUSD,1,8355.07,8355.07,8350.43,8352.46
1569929640,BTCUSD,1,8352.46,8356.66,8351.49,8356.15
1569929700,BTCUSD,1,8356.15,8356.15,8345.74,8347.73
1569929760,BTCUSD,1,8347.73,8351.84,8345.0,8349.42
1569929820,BTCUSD,1,8349.42,8349.85,8344.97,8345.53
1569929880,BTCUSD,1,8345.53,8348.97,8339.21,8340.98
1569929940,BTCUSD,1,8340.98,8341.61,8336.5,8336.68
1569930000,BTCUSD,1,8336.68,8352.67,8336.49,8351.84
1569930060,BTCUSD,1,8351.84,8352.57,8346.67,8350.73
1569930120,BTCUSD,1,8350.73,8354.56,8348.79,8353.43
1569930180,BTCUSD,1,8353.43,8353.43,8347.05,8350.79
1569930240,BTCUSD,1,8350.79,8353.37,8350.6,8353.29
1569930300,BTCUSD,1,8353.29,8353.31,8341.01,8341.91
1569930360,BTCUSD,1,8341.91,8341.91,8339.83,8341.13
1569930420,BTCUSD,1,8341.13,8349.97,8341.05,8349.86
1569930480,BTCUSD,1,8349.86,8355.02,8345.71,8355.02
1569930540,BTCUSD,1,8355.02,8363.13,8350.96,8359.87
1569930600,BTCUSD,1,8359.87,8363.67,8355.8,8363.67
1569930660,BTCUSD,1,8363.67,8363.67,8361.42,8362.25
1569930720,BTCUSD,1,8362.25,8369.97,8361.15,8369.97
1569930780,BTCUSD,1,8369.97,8379.2,8364.96,8378.86
1569930840,BTCUSD,1,8378.86,8379.99,8373.74,8373.74
1569930900,BTCUSD,1,8373.74,8378.54,8373.74,8374.4
1569930960,BTCUSD,1,8374.4,8377.37,8373.03,8373.16
1569931020,BTCUSD,1,8373.16,8378.87,8369.22,8378.87
1569931080,BTCUSD,1,8378.87,8379.86,8373.45,8375.33
1569931140,BTCUSD,1,8375.33,8379.86,8375.2,8375.34
1569931200,BTCUSD,1,8375.34,8387.11,8375.27,8387.11
1569931260,BTCUSD,1,8387.11,8391.04,8381.96,8390.33
1569931320,BTCUSD,1,8390.33,8400.03,8390.31,8398.21
1569931380,BTCUSD,1,8398.21,8400.02,8389.97,8391.93
1569931440,BTCUSD,1,8391.93,8399.97,8391.93,8399.93
1569931500,BTCUSD,1,8399.93,8418.19,8399.68,8418.19
1569931560,BTCUSD,1,8418.19,8419.66,8407.53,8410.45
1569931620,BTCUSD,1,8410.45,8411.3,8404.48,8405.36
1569931680,BTCUSD,1,8405.36,8409.8,8405.36,8409.8
1569931740,BTCUSD,1,8409.8,8418.8,8409.8,8415.53
1569931800,BTCUSD,1,8415.53,8426.96,8414.38,8420.45
1569931860,BTCUSD,1,8420.45,8429.39,8420.39,8424.28
1569931920,BTCUSD,1,8424.28,8430.65,8423.1,8423.47
1569931980,BTCUSD,1,8423.47,8423.47,8418.62,8421.39
1569932040,BTCUSD,1,8421.39,8421.72,8418.63,8419.3
1569932100,BTCUSD,1,8419.3,8428.16,8419.3,8420.72
1569932160,BTCUSD,1,8420.72,8441.85,8420.72,8436.62
1569932220,BTCUSD,1,8436.62,8438.27,8429.86,8434.23
1569932280,BTCUSD,1,8434.23,8444.7,8426.21,8444.29
1569932340,BTCUSD,1,8444.29,8450.65,8439.92,8448.82
1569932400,BTCUSD,1,8448.82,8448.82,8430.0,8430.97
1569932460,BTCUSD,1,8430.97,8430.97,8419.93,8421.74
1569932520,BTCUSD,1,8421.74,8421.74,8408.13,8411.56
1569932580,BTCUSD,1,8411.56,8411.56,8394.88,8396.32
1569932640,BTCUSD,1,8396.32,8397.56,8382.49,8385.43
1569932700,BTCUSD,1,8385.43,8394.01,8380.24,8394.01
1569932760,BTCUSD,1,8394.01,8394.01,8373.58,8375.82
1569932820,BTCUSD,1,8375.82,8379.37,8370.5,8370.5
1569932880,BTCUSD,1,8370.5,8374.89,8354.15,8359.68
1569932940,BTCUSD,1,8359.68,8367.9,8352.47,8362.1
1569933000,BTCUSD,1,8362.1,8367.43,8360.0,8361.9
1569933060,BTCUSD,1,8361.9,8375.51,8361.9,8367.99
1569933120,BTCUSD,1,8367.99,8367.99,8358.58,8362.99
1569933180,BTCUSD,1,8362.99,8372.91,8362.53,8372.86
1569933240,BTCUSD,1,8372.86,8377.99,8369.83,8376.9
1569933300,BTCUSD,1,8376.9,8382.96,8369.71,8371.27
1569933360,BTCUSD,1,8371.27,8372.15,8343.56,8350.07
1569933420,BTCUSD,1,8350.07,8352.75,8349.93,8350.3
1569933480,BTCUSD,1,8350.3,8353.63,8349.85,8353.62
1569933540,BTCUSD,1,8353.62,8353.62,8345.4,8347.13
1569933600,BTCUSD,1,8347.13,8354.92,8344.33,8352.41
1569933660,BTCUSD,1,8352.41,8354.74,8352.39,8352.4
1569933720,BTCUSD,1,8352.4,8354.7,8343.41,8343.41
1569933780,BTCUSD,1,8343.41,8343.41,8327.81,8334.74
1569933840,BTCUSD,1,8334.74,8340.94,8331.91,8339.68
1569933900,BTCUSD,1,8339.68,8340.96,8331.1,8331.61
1569933960,BTCUSD,1,8331.61,8343.39,8331.61,8336.1
1569934020,BTCUSD,1,8336.1,8338.89,8329.8,8329.8
1569934080,BTCUSD,1,8329.8,8335.97,8327.79,8335.97
1569934140,BTCUSD,1,8335.97,8348.0,8331.45,8343.81
1569934200,BTCUSD,1,8343.81,8350.79,8343.81,8350.78
1569934260,BTCUSD,1,8350.78,8350.78,8342.62,8348.0
1569934320,BTCUSD,1,8348.0,8349.31,8342.58,8345.54
1569934380,BTCUSD,1,8345.54,8345.6,8336.02,8339.05
1569934440,BTCUSD,1,8339.05,8340.21,8336.56,8340.09
1569934500,BTCUSD,1,8340.09,8344.14,8336.57,8344.14
1569934560,BTCUSD,1,8344.14,8344.25,8340.1,8341.85
1569934620,BTCUSD,1,8341.85,8342.2,8336.58,8336.6
1569934680,BTCUSD,1,8336.6,8341.78,8336.59,8341.5
1569934740,BTCUSD,1,8341.5,8341.5,8336.57,8340.09
1569934800,BTCUSD,1,8340.09,8340.18,8323.97,8323.97
1569934860,BTCUSD,1,8323.97,8329.0,8323.0,8325.82
1569934920,BTCUSD,1,8325.82,8329.37,8324.41,8325.8
1569934980,BTCUSD,1,8325.8,8325.8,8316.99,8316.99
1569935040,BTCUSD,1,8316.99,8317.03,8301.82,8317.03
1569935100,BTCUSD,1,8317.03,8317.03,8302.4,8308.42
1569935160,BTCUSD,1,8308.42,8315.5,8307.0,8315.49
1569935220,BTCUSD,1,8315.49,8325.38,8311.81,8325.03
1569935280,BTCUSD,1,8325.03,8338.89,8321.23,8334.56
1569935340,BTCUSD,1,8334.56,8343.73,8334.56,8343.73
1569935400,BTCUSD,1,8343.73,8343.73,8337.11,8340.68
1569935460,BTCUSD,1,8340.68,8365.69,8340.68,8351.13
1569935520,BTCUSD,1,8351.13,8358.75,8349.03,8354.94
1569935580,BTCUSD,1,8354.94,8380.2,8354.94,8378.64
1569935640,BTCUSD,1,8378.64,8378.64,8369.47,8372.05
1569935700,BTCUSD,1,8372.05,8377.42,8359.4,8359.4
1569935760,BTCUSD,1,8359.4,8361.81,8358.69,8358.75
1569935820,BTCUSD,1,8358.75,8362.12,8358.73,8359.29
1569935880,BTCUSD,1,8359.29,8361.38,8356.01,8356.71
1569935940,BTCUSD,1,8356.71,8365.31,8354.8,8354.8
1569936000,BTCUSD,1,8354.8,8360.36,8350.53,8359.51
1569936060,BTCUSD,1,8359.51,8365.69,8358.0,8361.84
1569936120,BTCUSD,1,8361.84,8361.9,8356.81,8360.23
1569936180,BTCUSD,1,8360.23,8368.24,8360.23,8367.44
1569936240,BTCUSD,1,8367.44,8370.02,8366.83,8369.3
1569936300,BTCUSD,1,8369.3,8371.45,8369.29,8370.57
1569936360,BTCUSD,1,8370.57,8371.72,8366.02,8368.22
1569936420,BTCUSD,1,8368.22,8368.22,8362.35,8364.04
1569936480,BTCUSD,1,8364.04,8364.04,8357.12,8360.51
1569936540,BTCUSD,1,8360.51,8368.86,8360.51,8368.66
1569936600,BTCUSD,1,8368.66,8384.19,8368.66,8384.15
1569936660,BTCUSD,1,8384.15,8385.83,8377.81,8379.56
1569936720,BTCUSD,1,8379.56,8379.94,8372.96,8375.33
1569936780,BTCUSD,1,8375.33,8378.23,8374.07,8374.08
1569936840,BTCUSD,1,8374.08,8375.77,8371.3,8372.25
1569936900,BTCUSD,1,8372.25,8400.21,8372.25,8390.62
1569936960,BTCUSD,1,8390.62,8398.83,8384.01,8397.5
1569937020,BTCUSD,1,8397.5,8400.15,8393.02,8393.02
1569937080,BTCUSD,1,8393.02,8396.27,8392.76,8396.27
1569937140,BTCUSD,1,8396.27,8396.53,8389.16,8391.96
1569937200,BTCUSD,1,8391.96,8395.64,8387.47,8387.47
1569937260,BTCUSD,1,8387.47,8388.62,8385.45,8385.45
1569937320,BTCUSD,1,8385.45,8388.88,8382.96,8383.39
1569937380,BTCUSD,1,8383.39,8386.67,8383.38,8384.99
1569937440,BTCUSD,1,8384.99,8386.66,8379.3,8379.3
1569937500,BTCUSD,1,8379.3,8380.27,8379.29,8379.3
1569937560,BTCUSD,1,8379.3,8379.3,8373.25,8373.35
1569937620,BTCUSD,1,8373.35,8375.57,8371.08,8375.57
1569937680,BTCUSD,1,8375.57,8376.32,8373.58,8374.04
1569937740,BTCUSD,1,8374.04,8375.04,8373.79,8375.04
1569937800,BTCUSD,1,8375.04,8375.05,8373.79,8373.85
1569937860,BTCUSD,1,8373.85,8374.34,8370.86,8371.44
1569937920,BTCUSD,1,8371.44,8371.44,8361.21,8362.08
1569937980,BTCUSD,1,8362.08,8364.05,8359.08,8364.04
1569938040,BTCUSD,1,8364.04,8364.25,8359.2,8359.34
1569938100,BTCUSD,1,8359.34,8361.2,8359.17,8360.41
1569938160,BTCUSD,1,8360.41,8362.18,8360.41,8360.83
1569938220,BTCUSD,1,8360.83,8367.91,8360.83,8364.0
1569938280,BTCUSD,1,8364.0,8367.37,8362.9,8367.37
1569938340,BTCUSD,1,8367.37,8369.2,8362.18,8367.86
1569938400,BTCUSD,1,8367.86,8368.27,8364.99,8367.95
1569938460,BTCUSD,1,8367.95,8371.95,8365.0,8371.95
1569938520,BTCUSD,1,8371.95,8374.2,8370.72,8371.29
1569938580,BTCUSD,1,8371.29,8381.98,8371.28,8381.98
1569938640,BTCUSD,1,8381.98,8384.55,8381.22,8381.25
1569938700,BTCUSD,1,8381.25,8384.55,8381.11,8381.95
1569938760,BTCUSD,1,8381.95,8382.64,8378.97,8380.14
1569938820,BTCUSD,1,8380.14,8380.14,8374.68,8374.69
1569938880,BTCUSD,1,8374.69,8376.6,8369.68,8369.68
1569938940,BTCUSD,1,8369.68,8369.68,8353.63,8359.15
1569939000,BTCUSD,1,8359.15,8359.3,8358.42,8358.42
1569939060,BTCUSD,1,8358.42,8362.37,8357.36,8361.58
1569939120,BTCUSD,1,8361.58,8362.37,8356.27,8356.27
1569939180,BTCUSD,1,8356.27,8358.56,8352.72,8352.85
1569939240,BTCUSD,1,8352.85,8356.24,8351.33,8351.34
1569939300,BTCUSD,1,8351.34,8351.37,8343.24,8343.87
1569939360,BTCUSD,1,8343.87,8347.67,8340.0,8347.67
1569939420,BTCUSD,1,8347.67,8347.9,8343.51,8347.9
1569939480,BTCUSD,1,8347.9,8349.39,8343.99,8349.39
1569939540,BTCUSD,1,8349.39,8349.58,8344.61,8349.33
1569939600,BTCUSD,1,8349.33,8357.42,8349.33,8357.34
1569939660,BTCUSD,1,8357.34,8357.42,8354.05,8354.05
1569939720,BTCUSD,1,8354.05,8369.58,8354.05,8369.58
1569939780,BTCUSD,1,8369.58,8375.12,8365.57,8373.29
1569939840,BTCUSD,1,8373.29,8376.67,8371.14,8372.18
1569939900,BTCUSD,1,8372.18,8374.48,8366.21,8366.21
1569939960,BTCUSD,1,8366.21,8367.08,8358.22,8358.22
1569940020,BTCUSD,1,8358.22,8358.22,8349.83,8349.83
1569940080,BTCUSD,1,8349.83,8351.88,8348.93,8350.71
1569940140,BTCUSD,1,8350.71,8356.31,8350.71,8353.62
1569940200,BTCUSD,1,8353.62,8356.18,8352.28,8352.51
1569940260,BTCUSD,1,8352.51,8356.2,8351.46,8353.45
1569940320,BTCUSD,1,8353.45,8365.69,8353.45,8365.69
1569940380,BTCUSD,1,8365.69,8374.5,8364.18,8371.2
1569940440,BTCUSD,1,8371.2,8374.97,8371.19,8371.78
1569940500,BTCUSD,1,8371.78,8383.49,8371.78,8380.26
1569940560,BTCUSD,1,8380.26,8380.26,8367.22,8370.4
1569940620,BTCUSD,1,8370.4,8376.16,8368.12,8372.82
1569940680,BTCUSD,1,8372.82,8376.08,8371.59,8371.59
1569940740,BTCUSD,1,8371.59,8373.67,8371.55,8371.97
1569940800,BTCUSD,1,8371.97,8374.14,8371.61,8374.14
1569940860,BTCUSD,1,8374.14,8374.14,8371.66,8371.76
1569940920,BTCUSD,1,8371.76,8372.35,8365.48,8366.92
1569940980,BTCUSD,1,8366.92,8366.92,8358.02,8361.73
1569941040,BTCUSD,1,8361.73,8361.73,8356.47,8356.92
1569941100,BTCUSD,1,8356.92,8363.99,8356.54,8363.99
1569941160,BTCUSD,1,8363.99,8363.99,8359.04,8359.46
1569941220,BTCUSD,1,8359.46,8360.54,8357.65,8360.5
1569941280,BTCUSD,1,8360.5,8369.76,8360.25,8366.34
1569941340,BTCUSD,1,8366.34,8372.37,8365.0,8368.83
1569941400,BTCUSD,1,8368.83,8371.14,8367.91,8370.73
1569941460,BTCUSD,1,8370.73,8371.0,8368.61,8368.61
1569941520,BTCUSD,1,8368.61,8368.61,8354.08,8354.23
1569941580,BTCUSD,1,8354.23,8354.23,8342.98,8348.09
1569941640,BTCUSD,1,8348.09,8351.21,8345.76,8347.44
1569941700,BTCUSD,1,8347.44,8352.72,8338.5,8341.3
1569941760,BTCUSD,1,8341.3,8346.7,8341.3,8346.7
1569941820,BTCUSD,1,8346.7,8352.51,8346.45,8351.99
1569941880,BTCUSD,1,8351.99,8353.97,8350.94,8353.97
1569941940,BTCUSD,1,8353.97,8360.38,8352.44,8356.6
1569942000,BTCUSD,1,8356.6,8358.82,8352.87,8357.65
1569942060,BTCUSD,1,8357.65,8361.65,8357.65,8360.84
1569942120,BTCUSD,1,8360.84,8360.84,8357.87,8357.87
1569942180,BTCUSD,1,8357.87,8360.19,8349.3,8350.73
1569942240,BTCUSD,1,8350.73,8350.73,8346.45,8349.8
1569942300,BTCUSD,1,8349.8,8349.8,8346.77,8348.13
1569942360,BTCUSD,1,8348.13,8349.97,8346.97,8349.29
1569942420,BTCUSD,1,8349.29,8351.06,8348.07,8348.93
1569942480,BTCUSD,1,8348.93,8351.06,8348.36,8348.71
1569942540,BTCUSD,1,8348.71,8358.01,8348.71,8357.84
1569942600,BTCUSD,1,8357.84,8357.85,8351.35,8352.18
1569942660,BTCUSD,1,8352.18,8352.59,8346.07,8346.07
1569942720,BTCUSD,1,8346.07,8347.1,8334.52,8336.04
1569942780,BTCUSD,1,8336.04,8337.54,8328.35,8333.15
1569942840,BTCUSD,1,8333.15,8335.6,8328.66,8335.6
1569942900,BTCUSD,1,8335.6,8337.52,8331.65,8332.05
1569942960,BTCUSD,1,8332.05,8344.77,8332.05,8343.89
1569943020,BTCUSD,1,8343.89,8346.74,8340.0,8344.88
1569943080,BTCUSD,1,8344.88,8346.77,8343.66,8344.17
1569943140,BTCUSD,1,8344.17,8345.86,8340.04,8343.91
1569943200,BTCUSD,1,8343.91,8344.02,8339.88,8340.88
1569943260,BTCUSD,1,8340.88,8341.35,8339.7,8340.75
1569943320,BTCUSD,1,8340.75,8344.83,8340.51,8344.74
1569943380,BTCUSD,1,8344.74,8344.75,8339.39,8340.55
1569943440,BTCUSD,1,8340.55,8342.21,8339.42,8339.42
1569943500,BTCUSD,1,8339.42,8349.21,8339.42,8349.21
1569943560,BTCUSD,1,8349.21,8355.13,8346.67,8352.2
1569943620,BTCUSD,1,8352.2,8352.86,8345.24,8345.24
1569943680,BTCUSD,1,8345.24,8347.13,8343.97,8344.21
1569943740,BTCUSD,1,8344.21,8344.3,8342.23,8343.01
1569943800,BTCUSD,1,8343.01,8343.33,8337.74,8339.6
1569943860,BTCUSD,1,8339.6,8339.6,8331.14,8335.18
1569943920,BTCUSD,1,8335.18,8335.18,8331.55,8331.98
1569943980,BTCUSD,1,8331.98,8334.5,8331.98,8332.0
1569944040,BTCUSD,1,8332.0,8335.7,8330.15,8332.01
1569944100,BTCUSD,1,8332.01,8336.19,8331.98,8336.19
1569944160,BTCUSD,1,8336.19,8337.64,8333.77,8336.04
1569944220,BTCUSD,1,8336.04,8343.45,8336.04,8343.45
1569944280,BTCUSD,1,8343.45,8345.67,8343.45,8345.67
1569944340,BTCUSD,1,8345.67,8359.64,8345.67,8358.87
1569944400,BTCUSD,1,8358.87,8358.87,8348.62,8350.27
1569944460,BTCUSD,1,8350.27,8359.41,8350.19,8355.39
1569944520,BTCUSD,1,8355.39,8358.59,8354.0,8354.02
1569944580,BTCUSD,1,8354.02,8356.2,8353.98,8354.85
1569944640,BTCUSD,1,8354.85,8356.13,8354.79,8355.9
1569944700,BTCUSD,1,8355.9,8357.96,8351.76,8352.19
1569944760,BTCUSD,1,8352.19,8357.89,8352.19,8357.54
1569944820,BTCUSD,1,8357.54,8360.04,8357.54,8360.04
1569944880,BTCUSD,1,8360.04,8372.31,8360.04,8371.92
1569944940,BTCUSD,1,8371.92,8372.26,8365.96,8368.46
1569945000,BTCUSD,1,8368.46,8372.76,8367.69,8367.69
1569945060,BTCUSD,1,8367.69,8369.92,8367.51,8368.38
1569945120,BTCUSD,1,8368.38,8369.07,8367.43,8368.97
1569945180,BTCUSD,1,8368.97,8368.97,8367.5,8367.74
1569945240,BTCUSD,1,8367.74,8369.2,8363.95,8363.95
1569945300,BTCUSD,1,8363.95,8368.19,8363.95,8365.48
1569945360,BTCUSD,1,8365.48,8368.48,8364.25,8365.63
1569945420,BTCUSD,1,8365.63,8374.06,8364.35,8374.06
1569945480,BTCUSD,1,8374.06,8389.84,8374.06,8387.23
1569945540,BTCUSD,1,8387.23,8393.27,8386.44,8390.72
1569945600,BTCUSD,1,8390.72,8390.72,8386.8,8387.52
1569945660,BTCUSD,1,8387.52,8387.52,8371.3,8371.49
1569945720,BTCUSD,1,8371.49,8373.08,8362.73,8370.16
1569945780,BTCUSD,1,8370.16,8371.74,8364.11,8368.71
1569945840,BTCUSD,1,8368.71,8379.56,8368.42,8371.22
1569945900,BTCUSD,1,8371.22,8378.97,8371.22,8378.72
1569945960,BTCUSD,1,8378.72,8379.19,8377.01,8377.73
1569946020,BTCUSD,1,8377.73,8379.26,8377.11,8377.91
1569946080,BTCUSD,1,8377.91,8379.98,8377.91,8379.92
1569946140,BTCUSD,1,8379.92,8379.92,8368.91,8369.7
1569946200,BTCUSD,1,8369.7,8371.02,8369.19,8369.49
1569946260,BTCUSD,1,8369.49,8372.42,8367.51,8367.51
1569946320,BTCUSD,1,8367.51,8367.88,8365.23,8365.36
1569946380,BTCUSD,1,8365.36,8368.0,8360.47,8360.47
1569946440,BTCUSD,1,8360.47,8361.33,8357.36,8358.12
1569946500,BTCUSD,1,8358.12,8358.12,8353.8,8354.78
1569946560,BTCUSD,1,8354.78,8354.85,8353.13,8354.23
1569946620,BTCUSD,1,8354.23,8362.49,8353.98,8360.98
1569946680,BTCUSD,1,8360.98,8368.32,8360.98,8364.11
1569946740,BTCUSD,1,8364.11,8376.92,8363.65,8373.5
1569946800,BTCUSD,1,8373.5,8379.16,8373.13,8373.84
1569946860,BTCUSD,1,8373.84,8379.17,8373.62,8374.66
1569946920,BTCUSD,1,8374.66,8381.86,8374.66,8378.04
1569946980,BTCUSD,1,8378.04,8379.98,8375.7,8375.8
1569947040,BTCUSD,1,8375.8,8375.92,8370.91,8372.0
1569947100,BTCUSD,1,8372.0,8375.5,8368.98,8374.95
1569947160,BTCUSD,1,8374.95,8379.84,8369.02,8379.84
1569947220,BTCUSD,1,8379.84,8380.61,8374.53,8380.61
1569947280,BTCUSD,1,8380.61,8384.5,8380.6,8382.47
1569947340,BTCUSD,1,8382.47,8393.88,8382.47,8390.02
1569947400,BTCUSD,1,8390.02,8395.19,8388.78,8388.78
1569947460,BTCUSD,1,8388.78,8395.99,8388.78,8394.93
1569947520,BTCUSD,1,8394.93,8426.94,8394.93,8417.71
1569947580,BTCUSD,1,8417.71,8435.76,8409.0,8423.94
1569947640,BTCUSD,1,8423.94,8464.36,8421.19,8450.62
1569947700,BTCUSD,1,8450.62,8450.62,8436.7,8447.24
1569947760,BTCUSD,1,8447.24,8448.18,8441.5,8445.2
1569947820,BTCUSD,1,8445.2,8449.78,8441.96,8445.91
1569947880,BTCUSD,1,8445.91,8478.86,8444.25,8470.31
1569947940,BTCUSD,1,8470.31,8482.53,8469.75,8478.55
1569948000,BTCUSD,1,8478.55,8478.55,8443.18,8455.01
1569948060,BTCUSD,1,8455.01,8455.01,8446.29,8446.29
1569948120,BTCUSD,1,8446.29,8453.99,8442.05,8451.84
1569948180,BTCUSD,1,8451.84,8452.23,8440.96,8448.79
1569948240,BTCUSD,1,8448.79,8466.38,8448.79,8462.91
1569948300,BTCUSD,1,8462.91,8471.49,8461.28,8467.39
1569948360,BTCUSD,1,8467.39,8476.78,8466.41,8476.78
1569948420,BTCUSD,1,8476.78,8489.44,8476.78,8488.64
1569948480,BTCUSD,1,8488.64,8490.55,8478.64,8479.94
1569948540,BTCUSD,1,8479.94,8480.08,8459.65,8461.15
1569948600,BTCUSD,1,8461.15,8467.99,8455.46,8455.46
1569948660,BTCUSD,1,8455.46,8455.5,8448.6,8450.14
1569948720,BTCUSD,1,8450.14,8457.26,8444.84,8455.49
1569948780,BTCUSD,1,8455.49,8459.96,8450.27,8454.34
1569948840,BTCUSD,1,8454.34,8467.69,8451.06,8467.69
1569948900,BTCUSD,1,8467.69,8467.82,8455.08,8457.49
1569948960,BTCUSD,1,8457.49,8457.49,8444.71,8449.21
1569949020,BTCUSD,1,8449.21,8450.6,8445.25,8449.24
1569949080,BTCUSD,1,8449.24,8450.17,8447.82,8450.17
1569949140,BTCUSD,1,8450.17,8455.36,8448.12,8453.05
1569949200,BTCUSD,1,8453.05,8460.05,8453.05,8460.05
1569949260,BTCUSD,1,8460.05,8471.45,8459.09,8469.99
1569949320,BTCUSD,1,8469.99,8469.99,8466.4,8466.81
1569949380,BTCUSD,1,8466.81,8478.76,8466.81,8475.68
1569949440,BTCUSD,1,8475.68,8486.15,8473.62,8485.37
1569949500,BTCUSD,1,8485.37,8503.77,8483.95,8500.13
1569949560,BTCUSD,1,8500.13,8515.97,8495.18,8501.12
1569949620,BTCUSD,1,8501.12,8531.46,8493.58,8520.8
1569949680,BTCUSD,1,8520.8,8527.9,8503.55,8509.88
1569949740,BTCUSD,1,8509.88,8512.93,8495.25,8495.9
1569949800,BTCUSD,1,8495.9,8506.62,8495.34,8505.03
1569949860,BTCUSD,1,8505.03,8505.24,8495.89,8498.64
1569949920,BTCUSD,1,8498.64,8498.64,8479.49,8479.97
1569949980,BTCUSD,1,8479.97,8480.69,8458.22,8462.2
1569950040,BTCUSD,1,8462.2,8475.18,8462.2,8474.41
1569950100,BTCUSD,1,8474.41,8477.99,8463.05,8463.08
1569950160,BTCUSD,1,8463.08,8468.12,8454.93,8455.39
1569950220,BTCUSD,1,8455.39,8458.24,8450.81,8450.82
1569950280,BTCUSD,1,8450.82,8450.82,8439.56,8444.37
1569950340,BTCUSD,1,8444.37,8444.37,8413.16,8413.16
1569950400,BTCUSD,1,8413.16,8428.45,8404.22,8421.89
1569950460,BTCUSD,1,8421.89,8426.32,8413.48,8420.65
1569950520,BTCUSD,1,8420.65,8420.71,8413.43,8418.27
1569950580,BTCUSD,1,8418.27,8424.64,8416.59,8421.67
1569950640,BTCUSD,1,8421.67,8421.67,8401.93,8401.93
1569950700,BTCUSD,1,8401.93,8417.51,8400.14,8408.62
1569950760,BTCUSD,1,8408.62,8408.62,8399.42,8404.77
1569950820,BTCUSD,1,8404.77,8404.77,8380.65,8389.92
1569950880,BTCUSD,1,8389.92,8399.45,8388.1,8394.68
1569950940,BTCUSD,1,8394.68,8404.96,8392.96,8404.96
1569951000,BTCUSD,1,8404.96,8406.4,8401.04,8401.99
1569951060,BTCUSD,1,8401.99,8414.57,8401.98,8413.65
1569951120,BTCUSD,1,8413.65,8416.26,8408.71,8415.45
1569951180,BTCUSD,1,8415.45,8419.48,8414.76,8414.77
1569951240,BTCUSD,1,8414.77,8417.17,8402.01,8405.03
1569951300,BTCUSD,1,8405.03,8405.03,8384.93,8384.93
1569951360,BTCUSD,1,8384.93,8384.93,8374.08,8377.15
1569951420,BTCUSD,1,8377.15,8392.62,8377.02,8387.04
1569951480,BTCUSD,1,8387.04,8387.04,8378.0,8386.65
1569951540,BTCUSD,1,8386.65,8386.65,8349.42,8355.51
1569951600,BTCUSD,1,8355.51,8357.86,8330.0,8330.0
1569951660,BTCUSD,1,8330.0,8354.14,8329.87,8345.1
1569951720,BTCUSD,1,8345.1,8346.9,8334.96,8334.98
1569951780,BTCUSD,1,8334.98,8347.3,8334.17,8347.3
1569951840,BTCUSD,1,8347.3,8357.33,8345.24,8350.79
1569951900,BTCUSD,1,8350.79,8355.75,8346.23,8354.77
1569951960,BTCUSD,1,8354.77,8357.27,8349.93,8350.04
1569952020,BTCUSD,1,8350.04,8366.7,8350.04,8365.45
1569952080,BTCUSD,1,8365.45,8367.64,8353.15,8359.69
1569952140,BTCUSD,1,8359.69,8364.16,8350.01,8350.14
1569952200,BTCUSD,1,8350.14,8357.66,8339.59,8345.51
1569952260,BTCUSD,1,8345.51,8347.35,8340.03,8340.27
1569952320,BTCUSD,1,8340.27,8340.47,8334.91,8335.3
1569952380,BTCUSD,1,8335.3,8336.58,8332.26,8332.26
1569952440,BTCUSD,1,8332.26,8341.38,8328.03,8328.03
1569952500,BTCUSD,1,8328.03,8334.25,8308.65,8312.98
1569952560,BTCUSD,1,8312.98,8318.65,8300.09,8300.09
1569952620,BTCUSD,1,8300.09,8300.09,8275.12,8294.06
1569952680,BTCUSD,1,8294.06,8294.06,8258.87,8283.78
1569952740,BTCUSD,1,8283.78,8301.34,8278.77,8299.66
1569952800,BTCUSD,1,8299.66,8301.12,8289.84,8292.82
1569952860,BTCUSD,1,8292.82,8292.82,8281.88,8283.04
1569952920,BTCUSD,1,8283.04,8291.03,8269.08,8289.93
1569952980,BTCUSD,1,8289.93,8298.84,8283.9,8296.85
1569953040,BTCUSD,1,8296.85,8312.08,8296.17,8309.47
1569953100,BTCUSD,1,8309.47,8318.82,8309.2,8318.81
1569953160,BTCUSD,1,8318.81,8320.6,8309.91,8312.91
1569953220,BTCUSD,1,8312.91,8313.46,8305.06,8305.91
1569953280,BTCUSD,1,8305.91,8313.09,8301.63,8301.63
1569953340,BTCUSD,1,8301.63,8309.98,8300.56,8309.18
1569953400,BTCUSD,1,8309.18,8330.12,8309.18,8326.95
1569953460,BTCUSD,1,8326.95,8329.62,8323.68,8328.3
1569953520,BTCUSD,1,8328.3,8330.09,8327.4,8329.73
1569953580,BTCUSD,1,8329.73,8338.04,8329.73,8335.26
1569953640,BTCUSD,1,8335.26,8337.62,8318.3,8321.12
1569953700,BTCUSD,1,8321.12,8321.12,8310.77,8312.46
1569953760,BTCUSD,1,8312.46,8313.68,8300.84,8304.35
1569953820,BTCUSD,1,8304.35,8304.51,8299.96,8300.39
1569953880,BTCUSD,1,8300.39,8309.98,8300.01,8307.72
1569953940,BTCUSD,1,8307.72,8316.3,8307.72,8316.3
1569954000,BTCUSD,1,8316.3,8328.33,8311.99,8328.33
1569954060,BTCUSD,1,8328.33,8338.15,8327.31,8338.15
1569954120,BTCUSD,1,8338.15,8342.57,8336.74,8338.93
1569954180,BTCUSD,1,8338.93,8347.23,8338.93,8340.75
1569954240,BTCUSD,1,8340.75,8340.75,8331.2,8331.2
1569954300,BTCUSD,1,8331.2,8334.63,8329.72,8329.72
1569954360,BTCUSD,1,8329.72,8330.41,8321.4,8321.4
1569954420,BTCUSD,1,8321.4,8325.12,8321.2,8323.87
1569954480,BTCUSD,1,8323.87,8325.14,8321.16,8321.25
1569954540,BTCUSD,1,8321.25,8324.75,8321.16,8322.08
1569954600,BTCUSD,1,8322.08,8322.08,8320.2,8320.52
1569954660,BTCUSD,1,8320.52,8328.9,8320.52,8323.91
1569954720,BTCUSD,1,8323.91,8331.0,8322.45,8322.48
1569954780,BTCUSD,1,8322.48,8325.84,8320.0,8323.76
1569954840,BTCUSD,1,8323.76,8325.7,8323.76,8324.9
1569954900,BTCUSD,1,8324.9,8327.33,8324.66,8324.67
1569954960,BTCUSD,1,8324.67,8326.89,8324.64,8324.67
1569955020,BTCUSD,1,8324.67,8324.67,8312.55,8312.55
1569955080,BTCUSD,1,8312.55,8318.03,8312.01,8312.01
1569955140,BTCUSD,1,8312.01,8313.81,8307.37,8307.37
1569955200,BTCUSD,1,8307.37,8307.74,8299.96,8303.37
1569955260,BTCUSD,1,8303.37,8303.61,8300.01,8302.96
1569955320,BTCUSD,1,8302.96,8302.96,8292.65,8296.29
1569955380,BTCUSD,1,8296.29,8299.81,8289.14,8298.26
1569955440,BTCUSD,1,8298.26,8310.11,8291.48,8310.11
1569955500,BTCUSD,1,8310.11,8323.94,8307.16,8319.64
1569955560,BTCUSD,1,8319.64,8321.36,8317.53,8320.65
1569955620,BTCUSD,1,8320.65,8320.67,8308.81,8314.29
1569955680,BTCUSD,1,8314.29,8316.13,8308.4,8311.6
1569955740,BTCUSD,1,8311.6,8320.16,8311.6,8320.13
1569955800,BTCUSD,1,8320.13,8320.13,8312.34,8313.87
1569955860,BTCUSD,1,8313.87,8316.78,8312.28,8313.04
1569955920,BTCUSD,1,8313.04,8320.8,8313.03,8317.95
1569955980,BTCUSD,1,8317.95,8320.37,8315.48,8318.23
1569956040,BTCUSD,1,8318.23,8318.23,8316.78,8318.07
1569956100,BTCUSD,1,8318.07,8318.43,8316.4,8317.75
1569956160,BTCUSD,1,8317.75,8320.22,8317.75,8318.62
1569956220,BTCUSD,1,8318.62,8320.06,8318.62,8318.93
1569956280,BTCUSD,1,8318.93,8319.76,8310.0,8310.01
1569956340,BTCUSD,1,8310.01,8312.49,8304.81,8304.83
1569956400,BTCUSD,1,8304.83,8310.19,8296.64,8298.06
1569956460,BTCUSD,1,8298.06,8298.06,8285.68,8286.72
1569956520,BTCUSD,1,8286.72,8290.85,8285.48,8287.42
1569956580,BTCUSD,1,8287.42,8287.58,8280.07,8281.74
1569956640,BTCUSD,1,8281.74,8287.71,8279.08,8287.71
1569956700,BTCUSD,1,8287.71,8293.87,8287.7,8293.85
1569956760,BTCUSD,1,8293.85,8293.85,8287.74,8288.02
1569956820,BTCUSD,1,8288.02,8290.02,8274.63,8274.63
1569956880,BTCUSD,1,8274.63,8274.63,8259.81,8270.22
1569956940,BTCUSD,1,8270.22,8273.35,8265.71,8269.59
1569957000,BTCUSD,1,8269.59,8281.24,8269.59,8278.7
1569957060,BTCUSD,1,8278.7,8284.72,8269.03,8269.03
1569957120,BTCUSD,1,8269.03,8279.98,8264.81,8278.49
1569957180,BTCUSD,1,8278.49,8283.43,8278.49,8282.87
1569957240,BTCUSD,1,8282.87,8283.28,8277.54,8277.54
1569957300,BTCUSD,1,8277.54,8280.4,8272.04,8279.03
1569957360,BTCUSD,1,8279.03,8284.26,8279.03,8282.02
1569957420,BTCUSD,1,8282.02,8285.34,8282.02,8284.84
1569957480,BTCUSD,1,8284.84,8286.3,8278.34,8278.34
1569957540,BTCUSD,1,8278.34,8281.54,8270.82,8274.67
1569957600,BTCUSD,1,8274.67,8275.39,8272.11,8272.18
1569957660,BTCUSD,1,8272.18,8273.41,8269.93,8271.62
1569957720,BTCUSD,1,8271.62,8271.62,8262.61,8267.69
1569957780,BTCUSD,1,8267.69,8267.69,8239.84,8260.89
1569957840,BTCUSD,1,8260.89,8266.08,8260.88,8266.0
1569957900,BTCUSD,1,8266.0,8287.1,8265.91,8287.1
1569957960,BTCUSD,1,8287.1,8299.75,8287.1,8295.32
1569958020,BTCUSD,1,8295.32,8302.11,8295.32,8297.51
1569958080,BTCUSD,1,8297.51,8300.8,8295.39,8299.04
1569958140,BTCUSD,1,8299.04,8304.94,8299.03,8299.51
1569958200,BTCUSD,1,8299.51,8300.54,8297.61,8297.62
1569958260,BTCUSD,1,8297.62,8297.62,8285.36,8291.66
1569958320,BTCUSD,1,8291.66,8291.66,8286.45,8290.45
1569958380,BTCUSD,1,8290.45,8311.81,8290.45,8311.81
1569958440,BTCUSD,1,8311.81,8311.81,8303.06,8309.44
1569958500,BTCUSD,1,8309.44,8313.62,8304.74,8305.46
1569958560,BTCUSD,1,8305.46,8305.46,8303.29,8304.01
1569958620,BTCUSD,1,8304.01,8309.36,8303.07,8306.9
1569958680,BTCUSD,1,8306.9,8306.9,8300.55,8300.56
1569958740,BTCUSD,1,8300.56,8303.29,8295.15,8295.15
1569958800,BTCUSD,1,8295.15,8297.0,8295.15,8297.0
1569958860,BTCUSD,1,8297.0,8300.01,8296.9,8296.9
1569958920,BTCUSD,1,8296.9,8303.09,8296.9,8300.52
1569958980,BTCUSD,1,8300.52,8313.42,8300.52,8312.74
1569959040,BTCUSD,1,8312.74,8314.8,8311.13,8311.32
1569959100,BTCUSD,1,8311.32,8313.2,8303.16,8303.16
1569959160,BTCUSD,1,8303.16,8311.67,8301.82,8311.67
1569959220,BTCUSD,1,8311.67,8312.44,8307.71,8310.66
1569959280,BTCUSD,1,8310.66,8312.58,8306.02,8309.55
1569959340,BTCUSD,1,8309.55,8309.55,8302.83,8305.01
1569959400,BTCUSD,1,8305.01,8307.33,8302.08,8302.12
1569959460,BTCUSD,1,8302.12,8302.13,8300.24,8301.23
1569959520,BTCUSD,1,8301.23,8307.7,8301.16,8302.47
1569959580,BTCUSD,1,8302.47,8307.42,8301.56,8307.42
1569959640,BTCUSD,1,8307.42,8310.07,8303.11,8305.09
1569959700,BTCUSD,1,8305.09,8306.8,8305.09,8305.9
1569959760,BTCUSD,1,8305.9,8309.4,8305.9,8307.84
1569959820,BTCUSD,1,8307.84,8308.91,8306.3,8306.3
1569959880,BTCUSD,1,8306.3,8308.98,8306.3,8307.72
1569959940,BTCUSD,1,8307.72,8315.85,8307.72,8310.38
1569960000,BTCUSD,1,8310.38,8321.03,8310.38,8321.03
1569960060,BTCUSD,1,8321.03,8322.67,8319.86,8322.67
1569960120,BTCUSD,1,8322.67,8326.49,8322.67,8326.49
1569960180,BTCUSD,1,8326.49,8326.63,8323.9,8326.63
1569960240,BTCUSD,1,8326.63,8326.63,8320.41,8320.41
1569960300,BTCUSD,1,8320.41,8320.46,8308.4,8308.71
1569960360,BTCUSD,1,8308.71,8308.75,8303.38,8303.67
1569960420,BTCUSD,1,8303.67,8303.67,8300.0,8301.0
1569960480,BTCUSD,1,8301.0,8304.81,8293.27,8297.04
1569960540,BTCUSD,1,8297.04,8299.3,8296.0,8296.88
1569960600,BTCUSD,1,8296.88,8299.95,8296.78,8299.95
1569960660,BTCUSD,1,8299.95,8302.63,8299.68,8302.63
1569960720,BTCUSD,1,8302.63,8304.28,8302.62,8304.28
1569960780,BTCUSD,1,8304.28,8304.48,8301.35,8302.23
1569960840,BTCUSD,1,8302.23,8303.15,8301.12,8301.35
1569960900,BTCUSD,1,8301.35,8303.38,8301.02,8301.32
1569960960,BTCUSD,1,8301.32,8304.03,8301.32,8304.03
1569961020,BTCUSD,1,8304.03,8304.54,8301.39,8304.48
1569961080,BTCUSD,1,8304.48,8314.43,8303.29,8314.42
1569961140,BTCUSD,1,8314.42,8318.86,8314.41,8316.77
1569961200,BTCUSD,1,8316.77,8316.85,8316.14,8316.84
1569961260,BTCUSD,1,8316.84,8316.99,8316.12,8316.21
1569961320,BTCUSD,1,8316.21,8316.22,8310.38,8310.38
1569961380,BTCUSD,1,8310.38,8310.38,8306.03,8307.02
1569961440,BTCUSD,1,8307.02,8308.76,8307.01,8307.2
1569961500,BTCUSD,1,8307.2,8309.62,8307.2,8307.69
1569961560,BTCUSD,1,8307.69,8309.11,8307.06,8308.25
1569961620,BTCUSD,1,8308.25,8308.72,8305.18,8305.18
1569961680,BTCUSD,1,8305.18,8307.63,8300.3,8300.33
1569961740,BTCUSD,1,8300.33,8306.0,8297.02,8297.02
1569961800,BTCUSD,1,8297.02,8301.96,8297.02,8301.91
1569961860,BTCUSD,1,8301.91,8303.01,8301.82,8302.83
1569961920,BTCUSD,1,8302.83,8303.97,8300.06,8300.62
1569961980,BTCUSD,1,8300.62,8304.35,8300.6,8304.35
1569962040,BTCUSD,1,8304.35,8304.39,8302.61,8303.02
1569962100,BTCUSD,1,8303.02,8307.92,8303.01,8307.92
1569962160,BTCUSD,1,8307.92,8307.92,8303.06,8303.07
1569962220,BTCUSD,1,8303.07,8308.01,8303.05,8308.01
1569962280,BTCUSD,1,8308.01,8308.01,8303.04,8303.05
1569962340,BTCUSD,1,8303.05,8315.12,8303.04,8315.12
1569962400,BTCUSD,1,8315.12,8319.86,8315.12,8315.73
1569962460,BTCUSD,1,8315.73,8318.0,8311.56,8315.24
1569962520,BTCUSD,1,8315.24,8315.25,8312.09,8314.13
1569962580,BTCUSD,1,8314.13,8318.94,8313.0,8313.21
1569962640,BTCUSD,1,8313.21,8318.8,8313.1,8318.74
1569962700,BTCUSD,1,8318.74,8318.74,8313.0,8315.33
1569962760,BTCUSD,1,8315.33,8318.95,8313.11,8313.15
1569962820,BTCUSD,1,8313.15,8315.72,8313.05,8315.72
1569962880,BTCUSD,1,8315.72,8315.72,8314.78,8314.78
1569962940,BTCUSD,1,8314.78,8315.49,8308.1,8314.15
1569963000,BTCUSD,1,8314.15,8318.69,8310.35,8315.47
1569963060,BTCUSD,1,8315.47,8321.95,8312.73,8318.72
1569963120,BTCUSD,1,8318.72,8329.67,8318.72,8322.56
1569963180,BTCUSD,1,8322.56,8357.75,8322.56,8357.09
1569963240,BTCUSD,1,8357.09,8418.18,8357.09,8380.54
1569963300,BTCUSD,1,8380.54,8395.52,8375.95,8380.0
1569963360,BTCUSD,1,8380.0,8385.29,8377.24,8380.44
1569963420,BTCUSD,1,8380.44,8380.44,8367.07,8379.47
1569963480,BTCUSD,1,8379.47,8389.02,8378.79,8384.06
1569963540,BTCUSD,1,8384.06,8384.99,8374.84,8374.84
1569963600,BTCUSD,1,8374.84,8380.13,8373.55,8379.76
1569963660,BTCUSD,1,8379.76,8394.5,8379.76,8391.45
1569963720,BTCUSD,1,8391.45,8396.63,8390.0,8392.3
1569963780,BTCUSD,1,8392.3,8405.27,8392.3,8395.99
1569963840,BTCUSD,1,8395.99,8395.99,8392.92,8393.81
1569963900,BTCUSD,1,8393.81,8414.47,8391.97,8414.2
1569963960,BTCUSD,1,8414.2,8418.93,8402.86,8405.61
1569964020,BTCUSD,1,8405.61,8408.2,8397.64,8397.64
1569964080,BTCUSD,1,8397.64,8398.63,8382.7,8382.7
1569964140,BTCUSD,1,8382.7,8395.33,8382.36,8390.0
1569964200,BTCUSD,1,8390.0,8394.21,8382.2,8382.2
1569964260,BTCUSD,1,8382.2,8389.0,8380.89,8380.9
1569964320,BTCUSD,1,8380.9,8385.47,8380.18,8380.2
1569964380,BTCUSD,1,8380.2,8385.82,8380.19,8383.71
1569964440,BTCUSD,1,8383.71,8389.09,8383.46,8385.96
1569964500,BTCUSD,1,8385.96,8389.39,8385.66,8385.94
1569964560,BTCUSD,1,8385.94,8391.93,8385.93,8388.89
1569964620,BTCUSD,1,8388.89,8399.6,8388.89,8394.08
1569964680,BTCUSD,1,8394.08,8403.45,8394.08,8395.31
1569964740,BTCUSD,1,8395.31,8401.42,8394.03,8399.22
1569964800,BTCUSD,1,8399.22,8399.22,8385.39,8385.39
1569964860,BTCUSD,1,8385.39,8389.29,8383.03,8388.0
1569964920,BTCUSD,1,8388.0,8388.0,8379.74,8380.59
1569964980,BTCUSD,1,8380.59,8380.59,8371.01,8372.35
1569965040,BTCUSD,1,8372.35,8380.14,8372.34,8380.06
1569965100,BTCUSD,1,8380.06,8380.29,8373.81,8373.85
1569965160,BTCUSD,1,8373.85,8379.89,8373.83,8374.41
1569965220,BTCUSD,1,8374.41,8379.21,8372.51,8372.51
1569965280,BTCUSD,1,8372.51,8375.82,8369.99,8375.82
1569965340,BTCUSD,1,8375.82,8375.83,8370.0,8370.03
1569965400,BTCUSD,1,8370.03,8374.67,8365.23,8365.23
1569965460,BTCUSD,1,8365.23,8367.34,8355.01,8360.1
1569965520,BTCUSD,1,8360.1,8360.15,8347.89,8351.21
1569965580,BTCUSD,1,8351.21,8351.26,8341.65,8341.66
1569965640,BTCUSD,1,8341.66,8341.66,8334.6,8336.87
1569965700,BTCUSD,1,8336.87,8336.87,8327.37,8334.28
1569965760,BTCUSD,1,8334.28,8337.18,8328.9,8329.91
1569965820,BTCUSD,1,8329.91,8329.96,8324.97,8324.97
1569965880,BTCUSD,1,8324.97,8329.78,8323.87,8329.68
1569965940,BTCUSD,1,8329.68,8330.61,8325.7,8330.29
1569966000,BTCUSD,1,8330.29,8338.2,8330.29,8336.33
1569966060,BTCUSD,1,8336.33,8342.7,8336.12,8339.98
1569966120,BTCUSD,1,8339.98,8341.99,8339.6,8341.98
1569966180,BTCUSD,1,8341.98,8343.98,8339.94,8340.51
1569966240,BTCUSD,1,8340.51,8343.85,8339.46,8340.9
1569966300,BTCUSD,1,8340.9,8341.5,8339.19,8339.46
1569966360,BTCUSD,1,8339.46,8343.83,8339.46,8339.99
1569966420,BTCUSD,1,8339.99,8343.84,8339.66,8341.38
1569966480,BTCUSD,1,8341.38,8341.39,8339.45,8341.05
1569966540,BTCUSD,1,8341.05,8341.05,8339.39,8339.39
1569966600,BTCUSD,1,8339.39,8341.16,8338.69,8338.69
1569966660,BTCUSD,1,8338.69,8338.69,8308.53,8308.53
1569966720,BTCUSD,1,8308.53,8310.02,8301.42,8310.0
1569966780,BTCUSD,1,8310.0,8314.02,8307.91,8313.9
1569966840,BTCUSD,1,8313.9,8314.87,8309.19,8309.19
1569966900,BTCUSD,1,8309.19,8315.84,8309.19,8311.2
1569966960,BTCUSD,1,8311.2,8319.0,8311.2,8314.77
1569967020,BTCUSD,1,8314.77,8322.45,8314.76,8320.8
1569967080,BTCUSD,1,8320.8,8322.46,8317.76,8318.27
1569967140,BTCUSD,1,8318.27,8324.98,8318.27,8318.63
1569967200,BTCUSD,1,8318.63,8326.92,8318.49,8321.38
1569967260,BTCUSD,1,8321.38,8323.06,8309.19,8311.71
1569967320,BTCUSD,1,8311.71,8311.71,8298.91,8305.47
1569967380,BTCUSD,1,8305.47,8306.46,8297.53,8302.81
1569967440,BTCUSD,1,8302.81,8306.63,8301.73,8303.55
1569967500,BTCUSD,1,8303.55,8306.68,8296.3,8299.81
1569967560,BTCUSD,1,8299.81,8306.62,8299.8,8302.12
1569967620,BTCUSD,1,8302.12,8307.11,8301.9,8301.92
1569967680,BTCUSD,1,8301.92,8305.03,8300.32,8300.48
1569967740,BTCUSD,1,8300.48,8307.13,8300.28,8302.14
1569967800,BTCUSD,1,8302.14,8309.97,8301.99,8302.77
1569967860,BTCUSD,1,8302.77,8309.89,8302.7,8305.01
1569967920,BTCUSD,1,8305.01,8313.63,8305.01,8313.63
1569967980,BTCUSD,1,8313.63,8313.63,8306.41,8311.0
1569968040,BTCUSD,1,8311.0,8312.77,8311.0,8312.7
1569968100,BTCUSD,1,8312.7,8321.0,8312.7,8321.0
1569968160,BTCUSD,1,8321.0,8339.71,8321.0,8339.71
1569968220,BTCUSD,1,8339.71,8343.87,8330.2,8331.66
1569968280,BTCUSD,1,8331.66,8331.66,8322.22,8322.67
1569968340,BTCUSD,1,8322.67,8337.91,8322.57,8329.56
1569968400,BTCUSD,1,8329.56,8338.89,8329.46,8336.18
1569968460,BTCUSD,1,8336.18,8343.02,8336.18,8339.92
1569968520,BTCUSD,1,8339.92,8350.5,8339.92,8350.49
1569968580,BTCUSD,1,8350.49,8350.51,8341.27,8346.37
1569968640,BTCUSD,1,8346.37,8349.99,8342.33,8342.33
1569968700,BTCUSD,1,8342.33,8342.33,8338.97,8339.33
1569968760,BTCUSD,1,8339.33,8347.07,8339.33,8340.91
1569968820,BTCUSD,1,8340.91,8347.51,8339.29,8339.29
1569968880,BTCUSD,1,8339.29,8339.33,8329.74,8329.74
1569968940,BTCUSD,1,8329.74,8332.67,8329.5,8332.49
1569969000,BTCUSD,1,8332.49,8334.3,8329.33,8330.01
1569969060,BTCUSD,1,8330.01,8333.01,8324.13,8324.13
1569969120,BTCUSD,1,8324.13,8329.14,8323.71,8327.32
1569969180,BTCUSD,1,8327.32,8340.17,8327.32,8338.24
1569969240,BTCUSD,1,8338.24,8338.24,8327.67,8333.04
1569969300,BTCUSD,1,8333.04,8333.93,8327.16,8327.2
1569969360,BTCUSD,1,8327.2,8327.98,8321.42,8321.42
1569969420,BTCUSD,1,8321.42,8325.95,8320.01,8325.81
1569969480,BTCUSD,1,8325.81,8325.95,8320.0,8324.8
1569969540,BTCUSD,1,8324.8,8337.35,8319.35,8337.35
1569969600,BTCUSD,1,8337.35,8352.38,8337.35,8350.35
1569969660,BTCUSD,1,8350.35,8350.35,8346.1,8346.75
1569969720,BTCUSD,1,8346.75,8364.56,8346.14,8357.48
1569969780,BTCUSD,1,8357.48,8363.8,8356.67,8357.63
1569969840,BTCUSD,1,8357.63,8357.63,8354.68,8354.69
1569969900,BTCUSD,1,8354.69,8356.26,8352.8,8353.31
1569969960,BTCUSD,1,8353.31,8353.31,8347.93,8347.93
1569970020,BTCUSD,1,8347.93,8352.89,8347.65,8347.65
1569970080,BTCUSD,1,8347.65,8348.17,8344.57,8344.57
1569970140,BTCUSD,1,8344.57,8347.89,8344.21,8347.37
1569970200,BTCUSD,1,8347.37,8347.37,8338.65,8338.65
1569970260,BTCUSD,1,8338.65,8348.77,8337.88,8348.77
1569970320,BTCUSD,1,8348.77,8352.78,8339.66,8344.98
1569970380,BTCUSD,1,8344.98,8351.57,8343.54,8343.84
1569970440,BTCUSD,1,8343.84,8353.99,8343.84,8350.49
1569970500,BTCUSD,1,8350.49,8354.86,8347.95,8348.14
1569970560,BTCUSD,1,8348.14,8354.84,8348.06,8349.81
1569970620,BTCUSD,1,8349.81,8349.81,8339.4,8342.56
1569970680,BTCUSD,1,8342.56,8354.79,8341.91,8342.66
1569970740,BTCUSD,1,8342.66,8351.06,8342.4,8350.9
1569970800,BTCUSD,1,8350.9,8360.57,8350.19,8353.91
1569970860,BTCUSD,1,8353.91,8363.79,8352.65,8353.36
1569970920,BTCUSD,1,8353.36,8361.7,8352.26,8353.38
1569970980,BTCUSD,1,8353.38,8383.97,8353.38,8377.92
1569971040,BTCUSD,1,8377.92,8377.92,8368.04,8368.74
1569971100,BTCUSD,1,8368.74,8381.4,8367.61,8380.46
1569971160,BTCUSD,1,8380.46,8380.46,8363.6,8363.6
1569971220,BTCUSD,1,8363.6,8367.78,8343.03,8348.79
1569971280,BTCUSD,1,8348.79,8348.79,8339.88,8345.24
1569971340,BTCUSD,1,8345.24,8345.24,8338.78,8338.79
1569971400,BTCUSD,1,8338.79,8342.13,8334.59,8336.77
1569971460,BTCUSD,1,8336.77,8336.78,8330.75,8332.39
1569971520,BTCUSD,1,8332.39,8334.41,8331.58,8331.58
1569971580,BTCUSD,1,8331.58,8333.16,8330.18,8333.16
1569971640,BTCUSD,1,8333.16,8333.16,8320.09,8320.22
1569971700,BTCUSD,1,8320.22,8328.31,8320.0,8324.5
1569971760,BTCUSD,1,8324.5,8331.11,8324.5,8326.6
1569971820,BTCUSD,1,8326.6,8338.25,8326.49,8334.6
1569971880,BTCUSD,1,8334.6,8337.63,8326.84,8329.59
1569971940,BTCUSD,1,8329.59,8331.61,8326.28,8326.28
1569972000,BTCUSD,1,8326.28,8327.1,8317.93,8323.73
1569972060,BTCUSD,1,8323.73,8330.82,8323.69,8330.43
1569972120,BTCUSD,1,8330.43,8332.49,8323.73,8325.1
1569972180,BTCUSD,1,8325.1,8336.7,8325.1,8327.9
1569972240,BTCUSD,1,8327.9,8331.64,8327.82,8327.83
1569972300,BTCUSD,1,8327.83,8331.64,8324.17,8324.17
1569972360,BTCUSD,1,8324.17,8329.71,8323.97,8324.0
1569972420,BTCUSD,1,8324.0,8325.0,8314.15,8314.25
1569972480,BTCUSD,1,8314.25,8323.02,8312.34,8313.98
1569972540,BTCUSD,1,8313.98,8315.2,8305.92,8314.52
1569972600,BTCUSD,1,8314.52,8314.53,8310.48,8310.51
1569972660,BTCUSD,1,8310.51,8310.85,8308.41,8309.91
1569972720,BTCUSD,1,8309.91,8310.44,8301.04,8301.04
1569972780,BTCUSD,1,8301.04,8306.37,8300.01,8302.8
1569972840,BTCUSD,1,8302.8,8306.67,8302.8,8303.86
1569972900,BTCUSD,1,8303.86,8306.61,8296.0,8296.0
1569972960,BTCUSD,1,8296.0,8299.9,8291.17,8296.79
1569973020,BTCUSD,1,8296.79,8304.08,8294.74,8304.06
1569973080,BTCUSD,1,8304.06,8304.06,8292.73,8297.7
1569973140,BTCUSD,1,8297.7,8304.99,8297.6,8299.9
1569973200,BTCUSD,1,8299.9,8300.0,8292.33,8297.48
1569973260,BTCUSD,1,8297.48,8304.86,8292.33,8300.28
1569973320,BTCUSD,1,8300.28,8304.52,8300.22,8300.37
1569973380,BTCUSD,1,8300.37,8310.26,8300.04,8304.85
1569973440,BTCUSD,1,8304.85,8310.19,8304.83,8305.26
1569973500,BTCUSD,1,8305.26,8315.71,8305.18,8315.62
1569973560,BTCUSD,1,8315.62,8318.98,8311.01,8318.94
1569973620,BTCUSD,1,8318.94,8318.94,8310.95,8313.26
1569973680,BTCUSD,1,8313.26,8313.26,8299.05,8299.07
1569973740,BTCUSD,1,8299.07,8307.1,8299.07,8304.58
1569973800,BTCUSD,1,8304.58,8313.97,8304.58,8310.53
1569973860,BTCUSD,1,8310.53,8314.01,8308.48,8308.69
1569973920,BTCUSD,1,8308.69,8311.76,8306.59,8311.76
1569973980,BTCUSD,1,8311.76,8311.76,8307.37,8309.5
1569974040,BTCUSD,1,8309.5,8317.82,8309.44,8312.26
1569974100,BTCUSD,1,8312.26,8315.01,8310.86,8315.01
1569974160,BTCUSD,1,8315.01,8315.01,8310.4,8311.71
1569974220,BTCUSD,1,8311.71,8325.35,8311.71,8324.25
1569974280,BTCUSD,1,8324.25,8328.15,8321.2,8322.99
1569974340,BTCUSD,1,8322.99,8325.65,8321.5,8321.5
